0.7980148079288998,1.9404904273004546,0.4030874183604388,1.277508710386063,1.1030718162884943,0.7610121269152358,0.6709384709549437,2.151746757474845,0.318907425160005,0.2581618158057211,1.7291905370526597,1.154240300731412,0.36390999257788975,1.9141963452883959,0.8634863157235073,1.4273770696838706,0.7154487783566664,0.9987668055492562,subjek1
0.7921022946318637,1.944440303607488,0.4050500553504414,1.2644425849079064,1.0980777512734736,0.7790723174084124,0.6832787012008692,2.1331882944555316,0.32512565793339276,0.2697664514683197,1.6870223754903237,1.1848038266311494,0.3755399279069546,1.8697714034741282,0.8962813222087108,1.470674430016257,0.695225988235052,0.9756922353384845,subjek1
0.787825196106801,1.939378339892977,0.4143891175900157,1.2586868002456901,1.1056459943937813,0.7772598589503221,0.6788040789871612,2.132226407904215,0.3305621666984165,0.26927519304592284,1.6745675306319336,1.1977499299119367,0.3738043115652794,1.8620773980509093,0.905710943973605,1.470674430016257,0.695225988235052,0.9756922353384845,subjek1
0.7893813741827183,1.9531180789401061,0.3990932004669689,1.2681084385862755,1.0933549868644783,0.7801292281390395,0.6896949260509707,2.1255077455717686,0.326389981967054,0.2684156938925932,1.6932764784372303,1.1799004812599696,0.3658636409815571,1.8805932953676388,0.8951357172405972,1.4525281850891167,0.6979741261135,0.9910903423871765,subjek1
0.82860434551111,1.8831620392597557,0.429826268818928,1.3665899921871159,1.0434956560405362,0.731507005362142,0.6392604081503157,2.188186163409534,0.31414608202994354,0.2806065105203655,1.5318477169098523,1.3291384261595756,0.39973288057450285,1.8182650170084296,0.9235947560068607,1.6426628343929002,0.5976275039930228,0.9013023152038703,subjek2
0.818478338942812,1.9015024728022736,0.4216118418447079,1.3615452011715523,1.051978132050985,0.7280693203672564,0.6358443560644385,2.1939956199793813,0.3117526775459733,0.2847739985279437,1.5471144863027537,1.309704168759096,0.39092276259257913,1.830256599862946,0.9204132911342683,1.629060928838029,0.6024824233139854,0.9100493014377788,subjek2
0.8219474299008523,1.8996396168620229,0.42000560682691807,1.3623709432851046,1.044615736037647,0.7346059742670403,0.6232475206371073,2.2194509366137565,0.29889419633892894,0.2851302278552283,1.4947298720472504,1.3617325536873146,0.39481017131057294,1.8016357467328807,0.9451467355463394,1.690077778729003,0.5784854544233886,0.8730294204374012,subjek2
0.8444517835834622,1.8736752130264764,0.4234656569798547,1.3623709432851046,1.044615736037647,0.7346059742670403,0.634917686933571,2.2066647431160638,0.30001022354015766,0.2855517443385012,1.5167924212490256,1.339248488002267,0.39185148749973214,1.8242762149049079,0.925464951185153,1.6534560628646,0.5905951861705593,0.8975414045546338,subjek2
0.7587884761505235,1.9633664618067255,0.41943771563254423,1.2110376658205724,1.0508912095603407,0.8796637782088801,0.6765156972855814,2.1232350877855035,0.34184186851870807,0.31984760515303834,1.372719161948852,1.449025886487904,0.47401057225341314,1.616523970086567,1.0510581112498134,1.770327630667667,0.5953423999959986,0.7759226229261278,subjek3
0.7472487425264654,1.97568811307998,0.4186557979833473,1.206682203658545,1.0400559665049487,0.8948544834263001,0.6634856891996743,2.1399867945304485,0.338120169859671,0.31199594465186564,1.3944890050205898,1.4351077039173372,0.48242538481975955,1.5973048523478952,1.0618624164221386,1.7681261944162294,0.6002011027664913,0.7732653564070731,subjek3
0.7435974315245968,1.9823737823292178,0.4156214397359784,1.1915049306731489,1.0450699362268674,0.905017786689776,0.6598262421082501,2.143205835258218,0.33856057622332447,0.31965316329548893,1.4014456766667878,1.420493813627517,0.48164331468858723,1.5936535413460267,1.0662957975551792,1.7621973659600205,0.6010005864751539,0.7783947011546194,subjek3
0.7557608157292931,1.9673675396875328,0.4184642981729671,1.194393372780254,1.0482601880062423,0.8989390928032972,0.6753690135329571,2.127244783449515,0.33897885660732086,0.3208483382829172,1.4006232713956548,1.4201210439112222,0.48607669582162794,1.58607637732831,1.0694395804398553,1.767434937450336,0.6089820958375034,0.765175620301954,subjek3
0.8249629086786701,1.890072649025703,0.4265570958854201,1.3374762570489125,1.0103182259157637,0.7937981706251169,0.6303178012095108,2.2014276313095245,0.309847221070758,0.2786606058847707,1.3340065317572947,1.5289255159477255,0.3543552951892379,1.7890857340373771,0.9981516243631783,1.7137106750460984,0.519146114246523,0.9087358642971723,subjek4
0.8266870584999696,1.8970465511275016,0.4178590439623217,1.3157007818785271,1.0415599007273542,0.7843319709839125,0.6476252823133397,2.172005555305176,0.32196181597127693,0.2854713677400548,1.3706472419354467,1.485474043914291,0.35145743332955004,1.7745113415905103,1.0156238786697331,1.71238550136403,0.5248978470882097,0.9043093051375537,subjek4
0.8067648061597409,1.9236669707005825,0.41116087672946994,1.3191573602889015,1.0486999796690026,0.7737353136318887,0.6412591623625854,2.179173757169668,0.32115973405753956,0.2778381011565243,1.355016809942316,1.5087377424909536,0.347288970713991,1.752303280315707,1.0420004025600955,1.7557211154063355,0.5114537909613819,0.8744177472220761,subjek4
0.798194433974412,1.9380354832019218,0.40536273641345955,1.3248708678154797,1.0367952883303322,0.7799264974439817,0.6210126593156715,2.2060464414445624,0.3145335528295594,0.2751145454839198,1.253257076820866,1.5283716223047867,0.34598661129705705,1.7154608654325105,1.080145176860226,1.849791009261104,0.4693443536680323,0.8224572906606568,subjek4
0.7647477911904947,1.96258169057044,0.4142631718288584,1.3034704622239275,1.0084008414641734,0.8297213499016922,0.5973472992509475,2.240009022099046,0.3042363322397995,0.25404842823119655,1.6381922971930636,1.2493519281655328,0.43433581977861957,1.7623278627947747,0.944928971016399,1.5947124015953742,0.6343333532723268,0.9125468987220924,subjek5
0.7531450867258871,1.9768125327770707,0.4116350340868349,1.3091664112880648,1.0010162538968528,0.8314099884048765,0.5802692491533755,2.265005463004954,0.2963179414314632,0.25770547279923506,1.6057251565096877,1.2781620242808704,0.43433581977861957,1.7623278627947747,0.944928971016399,1.6147808844931886,0.6258227987839629,0.9009889703126419,subjek5
0.7647477911904947,1.96258169057044,0.4142631718288584,1.3184231308027958,0.9995599797867374,0.8236095430002593,0.586427627151856,2.2589298296901745,0.29623519674776283,0.25247628117517773,1.625896664917747,1.2632197074968683,0.4276724248259766,1.7827438739328823,0.9311763548309346,1.597090642253289,0.6230959588072175,0.9214060525292869,subjek5
0.7562402238680399,1.9750004063371234,0.41035202338462956,1.3109294708063937,1.0039873788300628,0.8266758039533364,0.5810158599109476,2.258900918476213,0.3016758752026321,0.25034300848631724,1.6174423646033926,1.2738072805000833,0.4294527550215495,1.7785051539811667,0.9336347445870772,1.5961312815480904,0.631284656871888,0.9141767151698148,subjek5
0.7439672468311946,1.8712479693136428,0.5263774374449557,1.2808199161356644,0.8921338360465841,0.9686389014075449,0.5684098559178541,2.239233093765998,0.3339497039059407,0.3313572480025479,1.2928845948163123,1.5173508107709341,0.541820701840057,1.6326980320260767,0.9670739197236592,1.6594762344056608,0.5890253677848005,0.8930910513993318,subjek6
0.7624343925965278,1.8449811436020171,0.5341771173912484,1.1902679627635928,0.9252064483644519,1.026118242461748,0.6373323611551417,2.117322933471968,0.3869373589626832,0.3418711601281843,1.1474083337971444,1.489279493925329,0.5570006284497483,1.4908126604322633,1.0937793647077818,1.7512392222225754,0.5536106351486533,0.8367427962185646,subjek6
0.7647607540684652,1.8751701058091779,0.5016617937121505,1.2257565212280097,0.9262542271547825,0.9895819052070014,0.6070783331562737,2.183549484919962,0.35096483551355784,0.3151971403736498,1.2015782400285022,1.5167753804021515,0.5198376137431916,1.5734099630308083,1.0483450768157931,1.73596484753618,0.5580610042443795,0.8475668018092339,subjek6
0.7149976396345106,1.8881729330682597,0.5384220808870233,1.2107740391964092,0.883998887044846,1.0468197273485387,0.5794874921712883,2.2003890172202176,0.36171614419828696,0.3328053220559732,1.1415365721063966,1.474341894162369,0.5396527111326211,1.5342447094506397,1.0676952330065324,1.7129801710570558,0.5516069094714824,0.8770055730612552,subjek6
0.8717685977030134,1.8375209190028579,0.43230313688392197,1.3445733851695612,1.0794869687209472,0.7175322996992843,0.6973568067543182,2.116401141346741,0.3278347054887342,0.2689417956899801,1.8805423132223757,0.9921085446774376,0.40750575188955596,1.9183087243949803,0.8157781773052567,1.3939170508907095,0.6954767187057707,1.052198883993313,subjek7
0.8738532933660631,1.8362229780457717,0.43151638217795835,1.3554661523766258,1.0646128529667749,0.7215136482463922,0.7006907421523572,2.107825165274998,0.33307674616243793,0.27139434957394587,1.8471267420135427,1.0230715620023048,0.4075412191204897,1.9189424424797878,0.8151089919895159,1.4017026665880978,0.6887524219752343,1.0511375650264612,subjek7
0.8838324426326614,1.825282348265985,0.432477862691147,1.3520976073036566,1.0519427193185427,0.7375523269675931,0.7069192997017891,2.1118267137527114,0.32284664013529313,0.28535546231009323,1.8371303750302805,1.0191068162494195,0.4080171612517413,1.9477525716845951,0.7858229206534567,1.3632347922748784,0.708366085247262,1.0699917760676532,subjek7
0.8730415576684861,1.8345493180971375,0.4340017778241696,1.3490953291384442,1.0839268751046442,0.7085704493467044,0.6977593677694214,2.1101626902548256,0.333670595565546,0.26612449716490755,1.901539249541412,0.9739289068834733,0.4039097577291177,1.9369496226334406,0.800733273227235,1.3669098048129236,0.7053126502172227,1.069370198559647,subjek7
0.8696100609232907,1.8649329305493176,0.4070496621171846,1.3108718714947907,1.072052921415661,0.7586678606793419,0.704796565100261,2.0999957891806575,0.3368002993088751,0.33080641566974467,1.4286131465661627,1.3821730913538857,0.4015704472546207,1.809935992461194,0.9300862138739783,1.6506521658872417,0.5803004620311631,0.9106400256713885,subjek8
0.8260202791054625,1.91062949066571,0.40494288381862087,1.2996410242549201,1.0754711173888376,0.7664805119460352,0.6836691639566131,2.1174451313446907,0.34047835828848894,0.32032567091839736,1.4606219469373278,1.3606450357340678,0.3978468263743141,1.8108326907889114,0.9329131364265676,1.6215609969164149,0.5946542725088213,0.925377384164557,subjek8
0.8324248093500783,1.8827512591144768,0.42641658512523833,1.3126317048638625,1.0742343863716632,0.754726562354267,0.6526325164292784,2.145649227502228,0.34331090965828626,0.3165532634477584,1.4403005312976391,1.3847388588443952,0.3982656842889748,1.8219741409508625,0.9213528283499561,1.6176988128090826,0.5901770231262757,0.9337168176544353,subjek8
0.8757279659652529,1.8396683317299387,0.42619635589460136,1.319400952442726,1.0932588735149582,0.7289328276321088,0.724453507463077,2.0761046142661805,0.3410345318605363,0.30381621298433853,1.4635612724030258,1.3742151682024293,0.3947586816564357,1.8188685608728434,0.9279654110605139,1.6532874132146067,0.5812764848922173,0.9070287554829691,subjek8
00.9182040594551503,1.7801249990421282,0.443263595092515,1.3655346048819395,1.0220072350827742,0.7540508136250799,0.7155936058329039,2.107861019976718,0.3181380277801717,0.3008913640302859,1.5652440646090675,1.2754572249504401,0.4180674193667827,1.875816158973338,0.8477090752496724,1.5031870476934548,0.6289069599323189,1.0094986459640196,subjek9
0.9126072848251994,1.787718457621935,0.4412669111426585,1.3595084686492287,1.0284094620930875,0.7536747228474769,0.7021856362876775,2.1247285052461997,0.3146785120559163,0.30470696096495736,1.5768000348578575,1.2600856577669786,0.4123051249380547,1.889550485844346,0.8397370428073924,1.49495448802683,0.6264430680546101,1.020195097508353,subjek9
0.916603787953056,1.7809455222707,0.44404334336603746,1.36795497302173,1.0267445169956742,0.7468931635723879,0.6897262448479147,2.137787071426637,0.3140793373152418,0.29461054047172475,1.6267694829069494,1.2202126302111187,0.4242931087822727,1.900040976098976,0.8172585687085446,1.460556037822863,0.6612447923874086,1.0197918233795218,subjek9
0.9560604200442937,1.7183001972319196,0.4672320363135797,1.365429699724969,1.0122617553835433,0.7639011984812807,0.7017006460301353,2.104204683473867,0.3356873240857911,0.3160726111113396,1.5577218120847272,1.2677982303937267,0.4437563336246331,1.888397527411672,0.8094387925534883,1.4593245981035206,0.6458024861712742,1.0364655693149982,subjek9
0.8162872801413827,1.810663960211504,0.514641413236906,1.315107933261494,0.9861328427431184,0.8403518775851804,0.6164106935272153,2.173897080680817,0.3512848793817607,0.3038100771008273,1.6121029960136055,1.2256795804753602,0.5429786757456264,1.7653331485401482,0.833280829304019,1.4764368229073566,0.716270525949157,0.9488853047332799,subjek10
0.8128427732837473,1.8117180814455982,0.5170317988604476,1.3217812372245876,0.9775347784545383,0.8422766379106674,0.6198077346917477,2.1727466720939006,0.34903824680414464,0.30697262024682687,1.6234990406812588,1.211120992661708,0.5421983302947544,1.7732690741393125,0.8261252491557267,1.4653477558489638,0.7159819779148513,0.9602629198259784,subjek10
0.836694732664615,1.7864255687452981,0.5184723521798801,1.3429203325719716,0.9989252974869179,0.799747023530903,0.6306816925404896,2.1562070536002844,0.3547039074490194,0.30315539597454344,1.6195512010907447,1.2188860565245054,0.5349612104778365,1.769317726009308,0.8373137171026487,1.4997666510116965,0.6978553439570534,0.9439706586210433,subjek10
0.821969224008002,1.7945189067068053,0.5251045228749851,1.32804573621462,0.9882127230520777,0.8253341943230943,0.6293504950277027,2.162406348092962,0.34983581046912876,0.33111504385075285,1.558807348493094,1.2516702612459467,0.5529573386379998,1.7186711069518608,0.8699642079999335,1.5415907297237417,0.6814779451627971,0.9185239787032542,subjek10
0.8639456470645569,1.8935853233067916,0.3840616832184449,1.3682539296970684,1.1170343309594044,0.6563043929333201,0.6935083376901184,2.1481702700030727,0.2999140458966023,0.25928629047509927,1.4076389281789563,1.4746674349357392,0.33549795643031066,1.7800715437733219,1.0260231533861606,1.8571508154300886,0.492232315835176,0.7922095223245286,subjek11
0.8683323689578899,1.8792415413391164,0.394018743292787,1.3925611917864957,1.0952841620829075,0.6537472997203908,0.6847728294669659,2.1492737558775787,0.30754606824524855,0.26357936232420903,1.4233004050385534,1.4547128862270304,0.3389583185995225,1.8176168992165356,0.985017435773735,1.8046821798364294,0.5025874564311884,0.8343230173221756,subjek11
0.859208396140833,1.9058446028426363,0.3765396546063236,1.3735666983089132,1.1103296655322592,0.6576962897486203,0.7013508382419332,2.1297309924655923,0.31051082288226767,0.2721080234295065,1.428384730664873,1.441099899495414,0.3317758479426623,1.8244856607965803,0.9853311448505503,1.8002774123326932,0.506856850641984,0.8344583906151158,subjek11
0.863335504148929,1.9026757832749213,0.3755813661659427,1.3789042850054258,1.1022242146035557,0.6604641539808109,0.6888000467507543,2.1542772514204116,0.2985153554186267,0.26857620558659295,1.4583524041074025,1.4146640438957974,0.3334451209471546,1.8306658444236064,0.977481688219032,1.7877528010201589,0.5122079974024688,0.8416318551671655,subjek11
0.8218192976119554,1.8736811951698682,0.44609216080797004,1.2953892794845139,1.0528860512563336,0.7933173228489457,0.6778806064076002,2.1281039071181627,0.33560814006403,0.2853790278795027,1.7195149718463214,1.1366986538639692,0.4203300323979509,1.9244837405312298,0.796778880660613,1.3764787995643846,0.7345104487347902,1.0306034052906186,subjek12
0.8165109005655876,1.8890398325769424,0.43604192044726353,1.293008515111202,1.0707589419166124,0.7778251965619798,0.6798655570216645,2.1227804587713806,0.3389466377967486,0.2734713564209352,1.756698847069341,1.111422450099517,0.4171261432600113,1.9229515015591563,0.8015150087706253,1.3854167352995663,0.7340099355113845,1.022165982778842,subjek12
0.8246210792186763,1.8727223782570501,0.4442491961140668,1.3094247849962068,1.0676124049933127,0.7645554636002743,0.6871049211819016,2.1111046272415943,0.3433831051662978,0.2701203878778646,1.7479381416576585,1.1235341240542698,0.4160162203980823,1.91262985082576,0.8129465823659509,1.400405243801141,0.7247353513948748,1.016452058393778,subjek12
0.8206780318529738,1.8820274552023752,0.43888716653444443,1.2904045627280571,1.059337510959532,0.791850579902204,0.6684178730352992,2.1447859226376247,0.3283888579168693,0.2748621841248768,1.7593372227743334,1.1073932466905834,0.41840180673950605,1.9316607415523572,0.79153010529793,1.374301065969592,0.7339288788184093,1.0333627088017918,subjek12
0.8469604823199858,1.8861654431835955,0.4084667280862117,1.354357067380222,1.0551110305228852,0.7321245556866863,0.6525728653227797,2.1847253152926593,0.30429447297435425,0.2780562166690655,1.6565608948975405,1.2069755420231874,0.3789356155370429,1.9073353365875108,0.8553217014652401,1.5389961317786531,0.610592730937705,0.9920037908734348,subjek13
0.8518230512488156,1.889202141781716,0.40056746055926157,1.3623393553149565,1.0407171182462536,0.738536180028583,0.6420098278656805,2.202724813843639,0.2968580118804732,0.27222086184632976,1.6606319744484908,1.208739817294973,0.3792654222793229,1.920778345430358,0.8415488858801118,1.5298879857563006,0.6196872966512865,0.992017371182206,subjek13
0.8351910439907118,1.9013163124488375,0.40508529715024405,1.33693758764469,1.05328561715554,0.7513694487895635,0.644160650015225,2.1816955954653423,0.315736408109226,0.26510095504413866,1.6746882903421394,1.2018034082035147,0.4029362543412113,1.8398244792584,0.8988319199901821,1.5647379821004195,0.628834291346504,0.9480203801428697,subjek13
0.8405840027215169,1.9013849111788605,0.39962373968941606,1.3396820007860264,1.0646280260869796,0.7372826267167877,0.6527823583127204,2.186413081817765,0.30239721345930776,0.2708275662740807,1.6682716546741774,1.2024934326415355,0.37422028467673085,1.8895327865883562,0.8778395823247063,1.5485733625065787,0.6115829649620805,0.9814363261211334,subjek13
0.8087108492590576,1.9186843097770931,0.4141974945536431,1.3353990870700558,1.0691759168370045,0.7370176496827334,0.6319025871042327,2.2088664688553212,0.30082359763023886,0.2537670233168401,1.1227097920433389,1.3764768153601787,0.35007943928266844,1.594991592014463,1.1965216222926613,2.080387967240739,0.38740317049202344,0.6738015158570311,subjek14
0.8089070464928733,1.9230154580705185,0.4096701490264016,1.3190634013030236,1.0865933908071106,0.7359358614796585,0.6528309493775105,2.1782065308221217,0.31055517339016186,0.2636154032863351,1.1482285896422098,1.4118439929285445,0.3472824643326135,1.611799593820062,1.1825105954371182,2.0517371168745404,0.39892585522186297,0.6909296814933903,subjek14
0.7941469210055303,1.9398668463882598,0.40757888619600313,1.3210194770679333,1.0764219348480637,0.7441512416737968,0.6332966505121982,2.2048815860276942,0.30341441704990135,0.2593396724297678,1.121889458593358,1.381229131023126,0.3366671927197048,1.624496254552914,1.1804292063171744,2.049714126922622,0.38895239662727016,0.7029261300399011,subjek14
0.7956542214062059,1.931144432958558,0.41479399922502963,1.3379446087126607,1.0608373088781953,0.742810735998937,0.6285340376701943,2.214371166612868,0.29868744930673075,0.2664887024415898,1.184019273367346,1.450507975808935,0.34071269646219066,1.6632737328958138,1.1376062242317884,1.9816639760330022,0.41472527628833766,0.7452034012684534,subjek14
0.8145403043811686,1.870262638014967,0.4567897111936575,1.298361359603875,1.050021239561679,0.7932100544242395,0.6841246744433038,2.132621436223873,0.3248465429226162,0.3542607212711147,1.378681008317488,1.4086509240011904,0.4506456930198379,1.7070113594289673,0.9839356011409877,1.7419770635278247,0.5887169615087817,0.8108986285531866,subjek15
0.814475488189212,1.8690567575214292,0.4580604078791522,1.3188165368170481,1.0354690691699036,0.7873070476028405,0.7025503533137518,2.1065568539240274,0.33248544635201366,0.3242272083920757,1.625721903403746,1.1916435417939713,0.45549627357536476,1.7677185014497576,0.9183778785646712,1.5373473450940072,0.6840848044795576,0.9201605040162282,subjek15
0.7981325054937093,1.8957029440124242,0.4477572040836597,1.3125418614250932,1.022067312953922,0.8069834792107784,0.6747140760755245,2.138839270070755,0.32803930744351384,0.31627948237931686,1.4697817367167032,1.3555314344937728,0.47216932942654,1.6745167941504238,0.9949065300128295,1.7175495462429267,0.6043044796168067,0.8197386277300598,subjek15
0.7905621581570285,1.890178514156069,0.46085198127669613,1.3002431018385534,1.0406632617655318,0.800686289985709,0.6649317247100032,2.1432641828834305,0.33339674599635916,0.32071593906414464,1.5073840254114068,1.3134926891142427,0.4474650510638067,1.7370710256370596,0.9570565768889268,1.6271267354817802,0.6300153229917949,0.8844505951162178,subjek15
0.9844037835882146,1.7582993712325496,0.39888949876902935,1.3630134469687145,1.1226725484944244,0.6559066581266546,0.7810119383727807,2.0417858838512823,0.3187948313657303,0.2984484309260618,1.6229644178299243,1.220179804833807,0.3517052757907915,1.9686000806044612,0.8212872971945404,1.5382520918531573,0.6196416819683148,0.983698879768321,subjek16
0.9464230346306803,1.8095753119693287,0.3855943069897839,1.366997537683791,1.127178051194019,0.6474170647119828,0.7608379926046352,2.0630834595093663,0.31767120147579114,0.2812744220127352,1.6414143139555029,1.2189039176215553,0.3441084317632603,1.9370793532974382,0.8604048685290946,1.575590896107269,0.608198720435562,0.957803037046962,subjek16
0.9422105615228793,1.8047836380397286,0.39459845402718535,1.363881550283875,1.1286802394644335,0.6490308638414841,0.7459249738855911,2.0822794980308195,0.3133881816733821,0.2768446729762843,1.6550902128758234,1.2096577677376854,0.33824785596224416,1.956517491913131,0.8468273057144179,1.542504857462676,0.6192174022041291,0.9798703939229881,subjek16
0.9254586727753491,1.8238719789594993,0.3922620018549453,1.3768103918754289,1.1200354021303132,0.644746859584051,0.7365766967315468,2.094918739786931,0.310097217071315,0.2866161864167012,1.6250170797779626,1.2299593873951291,0.3353512627726641,1.9576308295071951,0.848610561309934,1.5516244934475767,0.6216307894953185,0.9683373706468976,subjek16
0.8953043094668808,1.7556632478442,0.49062509627871237,1.3219641181957495,0.962274215586977,0.857354319807067,0.6391578000156962,2.1672239575469625,0.33521089602713466,0.32197040168054364,1.2843815652611095,1.5352406866481396,0.4429818908767108,1.913908493427379,0.7847022692857033,1.5022002732424993,0.64311626345194,0.996276116895354,subjek17
0.8149495772810156,1.8800457888163802,0.44659728749239724,1.2155498400681144,1.0203249715425007,0.9057178419791789,0.7078139456451448,2.058662694327289,0.37511601361736013,0.3326112253487479,1.433485641725568,1.375495786515478,0.4927252836382327,1.767184837639792,0.8816825323117689,1.506338712979333,0.6975499641602803,0.9377039764501796,subjek17
0.822955121519775,1.8635796041465376,0.4550579279234811,1.2329587115098004,1.0200242844873662,0.8886096575926271,0.6935083866694128,2.0754329193609413,0.37265134755943885,0.32827011498740855,1.4026759860669047,1.4106465525354794,0.47812618955596725,1.7731843093718154,0.8902821546620104,1.528100527857629,0.6687987851129631,0.9446933406192011,subjek17
0.7999502337743523,1.8746623685167847,0.4669800512986563,1.2417253531814996,0.9895611475977013,0.9103061528105921,0.6736971060350715,2.1026222324774504,0.3652733150772715,0.3418703493646099,1.3733592416578926,1.4263630625672905,0.4917471223704911,1.7823961057861588,0.8674494254331433,1.5066751061671684,0.6821766234156629,0.9527409240069623,subjek17
0.8838840031106606,1.8656421110666674,0.3920665394124647,1.3339549700803386,1.0695418173846536,0.7380958661248003,0.6909227379016155,2.1469677489934478,0.3037021666947295,0.2779647450072021,1.7049774871053716,1.158650421477219,0.4053062768524101,1.8902925420850896,0.8459938346522937,1.5201811611946257,0.656609658028282,0.964801834366886,subjek18
0.9086797509346141,1.8434807520455476,0.3894321506096314,1.315046089160262,1.0746842203372735,0.7518623440922576,0.6850137962862556,2.168373101803734,0.2882057554998031,0.2786943454109189,1.7021120259081834,1.160786282270691,0.4017255442474975,1.8931160330936572,0.8467510762486384,1.519676145892221,0.6493662923401174,0.9725502153574547,subjek18
0.8832963315078649,1.8712733376150887,0.3870229844668393,1.309382278807056,1.077714010090174,0.754496364692563,0.6679924279300811,2.1827884505436215,0.29081177511609074,0.2819109250501323,1.72796201844278,1.1317197100968808,0.3990656939894546,1.8954154149834135,0.8471115446169251,1.4950951264537613,0.6561690802682391,0.990328446867793,subjek18
0.8860642211171607,1.859292591527363,0.39623584094526976,1.3117834692335721,1.0798114898317326,0.7499976945244886,0.6936443582943942,2.149173688615152,0.2987746066802474,0.2847679712004148,1.7113403706090031,1.1454843117803752,0.4102434171515326,1.8615833290085577,0.8697659074297028,1.5189587556182031,0.6633367845857508,0.9592971133858396,subjek18
0.7316659733518307,2.017879295891035,0.3920473843469272,1.3461485560391402,1.0109797430538705,0.7844643544967829,0.576484125483033,2.294121786840257,0.2709867412665029,0.285828992528752,1.4761917187070104,1.3795719423540311,0.4141113832073439,1.7337675443955751,0.9937137259868742,1.7655301368613692,0.5625609469645991,0.8135015697638253,subjek19
0.7315863256512857,2.026276017450029,0.3837303104884784,1.3329171928564203,1.019079631097657,0.7895958296357148,0.5669182960919643,2.311118337178277,0.26355602031955283,0.28764230489791415,1.4947157930347204,1.3592345556571581,0.4078117971071633,1.7442190470697736,0.9895618094128561,1.7491004574219298,0.5708446362718188,0.8216475598960447,subjek19
0.7212208392507246,2.0413202250940357,0.37905158924503285,1.3410080097500696,1.0140920675455558,0.7864925762941685,0.5693980297542554,2.3056144830456327,0.2665801407899056,0.28230276437033774,1.5100253783496245,1.3492645108698307,0.3982718104319342,1.7700243481319533,0.9732964950259058,1.7197360635354442,0.5768824973166464,0.8449740927377025,subjek19
0.7214081086515113,2.0533771725023255,0.36680737243595635,1.3101250991891469,1.0299641441404392,0.801503410260207,0.577363885099599,2.301487325793354,0.2627414426968404,0.28445097077355125,1.5416644425001846,1.3154772403160577,0.40212047035631865,1.76753005968509,0.9719421235483848,1.7044974226117802,0.5974861105047761,0.8396091204732371,subjek19
0.844034003237306,1.879379253297459,0.4181793970550283,1.332118353698241,1.0787129925918404,0.7307613072997123,0.6789849117507244,2.137490404968327,0.3251173368707416,0.30972970015280643,1.4788731934225519,1.352989760014435,0.3886423951315461,1.8227595459411035,0.9301907125171438,1.6640273351778867,0.5848031690254801,0.8927621493864262,subjek20
0.8254010661898779,1.9021224731295998,0.4140691142703155,1.3430895498176323,1.0466380072450443,0.7518650965271165,0.6577023448577353,2.1718046876507136,0.3120856210813443,0.3043427750736537,1.4533676590028182,1.383882219513321,0.37671631156776525,1.8308211268106294,0.9340552152113988,1.6670792167471604,0.5613259763186507,0.9131874605239821,subjek20
0.8416379915935915,1.8784144203882498,0.42154024160795206,1.355031410224958,1.0331808321939002,0.7533804111709349,0.6579729280940849,2.1741546065289574,0.30946511896675105,0.3133708229880812,1.4417876517872907,1.386434178814421,0.3578497793696073,1.8957560648905392,0.8879868093296472,1.5982821568455567,0.5741635435377728,0.9691469532064636,subjek20
0.8532702623320703,1.876373085971979,0.4119493052857436,1.3620109477176268,1.054588883859247,0.7249928220129193,0.6461180902375778,2.1941132161578762,0.3013613471943397,0.29390579444549736,1.4987855632728948,1.348901295871401,0.3489537765082692,1.9199221353806193,0.8727167417009042,1.5882848231267883,0.5779281462674468,0.9753796841955579,subjek20
0.7705376199154393,1.8942008706427398,0.4768541630316139,1.2217010189413462,1.0323746284507633,0.8875170061976834,0.6975870033186533,2.0610059522778217,0.382999697993318,0.3588315551347481,1.5510552547606693,1.231705843694376,0.519934865187503,1.6905174451965332,0.931140343205757,1.5373195774209307,0.6843247518911816,0.9199483242776811,subjek21
0.7806587933802793,1.9100235024243446,0.45091035778516975,1.211568673097011,1.0439823035653115,0.8860416769274709,0.7067389820004482,2.0732100368942765,0.3616436346950683,0.35008537319154975,1.6361132761439563,1.1553940042542872,0.5138660482399611,1.7190249577769916,0.9087016475728402,1.5080512456899533,0.707648892118875,0.9258925157809648,subjek21
0.7999488176261162,1.8963284304078083,0.4453154055558686,1.2053655750537215,1.0584591006261577,0.8777679779099143,0.7377127858718988,2.0418105605153336,0.3620693072025606,0.35741570566062036,1.641198050879977,1.1429788970491963,0.5090786447270467,1.7284695187713655,0.9040444900913813,1.5202877100244112,0.688411867209459,0.9328930763559233,subjek21
0.795914460182071,1.905729677826015,0.4399485155817069,1.2041560841979964,1.05577632545547,0.8816602439363267,0.7363894017145171,2.037417156606126,0.3677860952691503,0.35583551385889983,1.6519679797636275,1.1337891599672663,0.5222903848528048,1.7218422263045015,0.8974600424324869,1.5227982322213205,0.694966779186306,0.9238276421821666,subjek21
0.9079690385169618,1.8293898823532888,0.4042337327195424,1.339643289999103,1.13187168005934,0.6700776835313501,0.7901573289636106,2.0372311338897706,0.31420419073641165,0.2748504192347514,1.8047108481156022,1.0620313862394402,0.40405639631423707,1.868848462234791,0.8686877950407652,1.5249245281473636,0.7054824272012405,0.9111856982411897,subjek22
0.9023004243826919,1.8381259617356247,0.4011662674714771,1.3212362358141707,1.1384213572240238,0.6819350605515997,0.7870767900534847,2.039474538368934,0.31504132516737443,0.2788246905810197,1.7933679934109892,1.0693999695977843,0.3934875096359016,1.885094147630021,0.8630109963238709,1.5063998351838124,0.7020822161484161,0.9331106022575646,subjek22
0.8963808626475288,1.8367956876503442,0.4084161032919204,1.3349931771146015,1.1404088189100843,0.6661906575651082,0.7901194176703099,2.037159005346447,0.3143142305730363,0.2773783037099194,1.7357021721608095,1.128512177719064,0.4056397528571437,1.8337710774759337,0.9021818232567163,1.590063536051836,0.6862410335993991,0.8652880839385582,subjek22
0.8637189320791802,1.8816037843278104,0.39626993718280273,1.3372892561169887,1.1413418667041424,0.6629615307686616,0.7560080841731436,2.074839602204525,0.3107449672121246,0.26858688943982145,1.7333694042701404,1.1396363598798316,0.403440471844821,1.8051880902289907,0.9329640915159815,1.636706005350654,0.6648680512229032,0.8400185970162364,subjek22
0.9371707644742162,1.7590233764139822,0.4453985127015948,1.363999126630752,1.023388981469374,0.7542045454896673,0.6983924519234146,2.1107528784249556,0.3324473232414228,0.2836340459326903,1.564344818956262,1.293613788700841,0.3683909289765237,2.014433098997975,0.7587686256152939,1.3883318045005248,0.6609914551785169,1.0922693939107515,subjek23
0.8983185111405506,1.7844474402209547,0.4588267022282879,1.3370280706696849,1.0456343624075535,0.7589302205125545,0.6694494488783723,2.1307408228627276,0.3414023818486937,0.30255729491799743,1.5536613460099398,1.2853740126618565,0.37436691936788064,1.996671284846098,0.7705544493758144,1.3743639336871014,0.6788237607515326,1.088404959151159,subjek23
0.9047975430522052,1.7799441495193236,0.45685096101826417,1.3472712547853178,1.0196990755347528,0.7746223232697227,0.6740105327041206,2.1251710947625906,0.34241102612308194,0.30743282525728105,1.5628935805233226,1.2712662478091896,0.37523826688683204,2.0312511144296397,0.735103272273322,1.329660598215842,0.6877788272835135,1.1241532280904383,subjek23
0.9029668976622981,1.7879498778432918,0.4506758780842039,1.348831519493027,1.0329242935589955,0.7598368405377706,0.6844211107064834,2.115754141636206,0.34141740124710335,0.30167624095513734,1.5672648045391568,1.2726516080954993,0.3760362333801893,1.9908861799643138,0.77467024024529,1.3789252218138834,0.6774415277690176,1.085225904006892,subjek23
0.8793511293419511,1.820621293431358,0.441620230816484,1.2684449743725594,1.097606483547126,0.7755411956701083,0.7626041303916875,2.030293791439166,0.3486947317589396,0.32304428507557376,1.685217245171387,1.133331123342832,0.4560343830395318,1.7725389293376366,0.9130193412126251,1.533392943571245,0.6820360863833813,0.9261636236351669,subjek24
0.8535839441392423,1.8393484803165197,0.44866022913403136,1.2681781204549103,1.1052180674511658,0.7681964656837168,0.7645032453572054,2.01621726736375,0.36087214086883723,0.31863939452540385,1.7088845703386313,1.1140686887257583,0.4527333332888898,1.770256835840436,0.9186024844604674,1.5159374278330553,0.6872363493452487,0.9384188764114892,subjek24
0.8588634047040026,1.8292630054645707,0.4534662434212195,1.2649710993756216,1.0917329138005627,0.7848886404136086,0.7646842641306348,2.02067729216639,0.35623109729276836,0.3286651348977023,1.7136962462813685,1.099231272410723,0.4630603900185759,1.7763056970360962,0.902226566535121,1.488584386199336,0.7034564511256215,0.949551816264836,subjek24
0.8621353498537966,1.8329482052988872,0.4465090984371097,1.2436882285891093,1.1017915228451485,0.796112902155536,0.77588987585833,2.0070578626136144,0.35864491511784913,0.3222418424085454,1.7596282707553004,1.0597225404259472,0.46991836739698456,1.7650864534318425,0.9065878327609661,1.4681066025331342,0.722225243850078,0.9512608072065811,subjek24
0.8023524304574086,1.8380792463876574,0.5011609767447267,1.339038766480095,0.911232192661185,0.8913216944485132,0.5756589787407266,2.2527664580357634,0.31316721681330345,0.33046213975679295,1.4070700367312263,1.4040604771017744,0.481342488646056,1.8550122049774784,0.8052379599662585,1.4981689638368731,0.6334352172936636,1.0099884724592565,subjek25
0.8019760766943451,1.8431756249494238,0.4964409519460241,1.322643916826215,0.913314184059602,0.9056345527039762,0.576559506616102,2.252139129057982,0.31289401791570925,0.3277048245313983,1.4066089008158142,1.4072789282425808,0.4851159533744713,1.839627476691692,0.8168492235236299,1.5070109472572817,0.6284738490450624,1.0061078572874493,subjek25
0.7986929380005809,1.8420360036840204,0.5008637119051916,1.335259751479457,0.9090433843684319,0.8972895177419042,0.5716664834086105,2.2545362890593528,0.3153898811218302,0.3367483877557674,1.3999424709686044,1.4049017948654217,0.48537966800798554,1.8470824188124082,0.8091305667693993,1.5058837368752878,0.6248458998727315,1.0108630168417738,subjek25
0.8025829309070338,1.8398710307802324,0.4991386919025269,1.3369188056807855,0.9079536422515901,0.8967202056574166,0.5740006802746906,2.2570306116528447,0.3105613616622585,0.33563396439839577,1.4050016965265144,1.400956992664883,0.48402864345171226,1.8548965713054686,0.8026674388326126,1.5012455457390526,0.629982022953359,1.0103650848973815,subjek25
0.8305724585049001,1.8835021321705665,0.4275180629143264,1.3313208255853084,1.055277355188046,0.7549944728164386,0.6656982346757178,2.1515526803625664,0.3243417385515093,0.2494407656207,1.8610889660247314,1.031062921944361,0.4312457005315394,1.9129352333728664,0.7974117196853877,1.3869827882185808,0.7556142079921343,0.998995657379078,subjek26
0.8257916648643832,1.89940267028331,0.4163983184420998,1.3188561587145315,1.099001065318317,0.7237354295569443,0.6867474649768296,2.1245793966854407,0.3302657919275228,0.23342048779796806,1.9024882862558918,1.0056838795359337,0.4153437478114256,1.893696966940936,0.8325519388374315,1.4308008591047578,0.7259314928821109,0.9848603016029247,subjek26
0.828329757346518,1.8819912273657344,0.431271668877541,1.3175546591164897,1.060186263796334,0.7638517306769688,0.6743421294603915,2.1336707192892947,0.3335798048401069,0.24536039121590178,1.8655442304671184,1.0306880319067728,0.43320016843163495,1.8844169790115943,0.8239755061465636,1.3971346914342306,0.7426031675936938,1.0018547945618685,subjek26
0.8464552410772475,1.8780383178225246,0.41709909469002127,1.3201614906018708,1.069474773809707,0.7519563891782155,0.6998633852943051,2.1030808868732747,0.33864838142221326,0.25763869609775425,1.8284783457356764,1.0554756117563628,0.4231785114299992,1.9038793695969618,0.814534772562832,1.4153713993102839,0.7215641204666405,1.004657133812869,subjek26
0.7626748025558073,1.9868608325187196,0.3920570185152667,1.2344052939506027,1.0958905762068203,0.8112967834323708,0.6527836936240727,2.1667758819784995,0.3220330779872211,0.25716265811082323,1.6986811295764233,1.1857488659025472,0.4143599168729256,1.7725703220983322,0.9546624146185351,1.531255268264648,0.7051965545398807,0.9051408307852642,subjek27
0.7845007411578427,1.9584786878962746,0.398613224535676,1.2438165743685525,1.1020603000805669,0.7957157791406734,0.6599944728983205,2.1622443119439794,0.3193538687474937,0.2629097386034463,1.7068100383175022,1.1718728766688444,0.4103971489709545,1.7764838617371679,0.9547116428816709,1.535687097892394,0.6903912425283982,0.915514313169001,subjek27
0.7802410564978172,1.9635689249733532,0.3977826721186222,1.249212936008866,1.0969584799139178,0.7954212376670096,0.6841141571498491,2.128646016652089,0.32883247978785524,0.2679301482833785,1.698411177388712,1.1752513279177026,0.4069467883026781,1.7953232740377163,0.9393225912493991,1.517125129298131,0.6970391644527191,0.9274283598389432,subjek27
0.7945361119917729,1.9577879705464896,0.38926857105153084,1.242090518724077,1.0885465573725785,0.8109555774931376,0.6778912555976322,2.1389188673705273,0.3247825306216337,0.27087977608992503,1.6778540464345866,1.1928588310652815,0.40934856659747354,1.7983566723956035,0.9338874145967165,1.5212163494694886,0.6923566360018303,0.9280196681184746,subjek27
0.9059835889398417,1.7967903215972725,0.43881874305267904,1.374903427087136,1.0156346040157511,0.7510546224869058,0.6438895254792236,2.198447692216442,0.2992554358941272,0.2910636969238982,1.5039643484704506,1.346564608195444,0.3569266987508544,1.9379061611983404,0.846759793640598,1.5171305806376139,0.6062056654095602,1.018256407542619,subjek28
0.9011573811182594,1.802660987644285,0.43777428482724895,1.3901153882527502,1.0051022415065387,0.7463750238305045,0.6456320786318536,2.20208124395539,0.29387933100255015,0.28471912794252846,1.4986027061542697,1.3582708194929956,0.3534285008037695,1.9396311966803097,0.8485329561057141,1.5296233330390057,0.5996357937123731,1.0123335268384146,subjek28
0.9102452545218483,1.7902223350024336,0.4411250640655117,1.3811240981497663,1.0058485292481345,0.7546200261918925,0.6409865318194012,2.211574713900789,0.2890314078696031,0.28800720655137413,1.5063360978239866,1.3472493492144322,0.35403726152551623,1.9580713297187156,0.8294840623455609,1.5008185810815342,0.613210587712204,1.0275634847960544,subjek28
0.8892700773404374,1.8108326907889118,0.44148988546044415,1.3733027048246056,1.0127502769948729,0.7555396717703151,0.6310094458631761,2.215094334471215,0.2954888732554023,0.28704872138293763,1.5211087469597318,1.3334351852471242,0.36389089816492826,1.935270632485227,0.842431122939638,1.5086387619975847,0.6192848910936697,1.0136690004985387,subjek28
0.8472339264757753,1.8659925381946478,0.4283661889193703,1.3622245718957096,0.9625910745695472,0.8167770071245355,0.5982678936291377,2.271414135080996,0.2719106248796595,0.3149751627029466,1.4270924953698216,1.3995249955170244,0.382949171589591,1.8749507735381687,0.8836927084620332,1.583410518515787,0.5736056766759766,0.9845764583980297,subjek29
0.8392556699577914,1.8868610902175968,0.415475893414405,1.3531202454072804,0.9651306994934681,0.8233417086890447,0.5874706446228757,2.291318053813871,0.2628039551530468,0.30345229445865984,1.54008578805339,1.2980545710777434,0.3854679049549735,1.910257888122162,0.845866860512658,1.498068739373828,0.6261035031019951,1.0174204111139702,subjek29
0.8456152262644102,1.857236965505305,0.43874046182007775,1.4005302486220135,0.9532392955643713,0.7878231094034085,0.5833311160245697,2.2898582777309358,0.268403259834288,0.30036268504797087,1.4686672989306702,1.3725626696111524,0.3738361036108208,1.929926256974568,0.8378302930044043,1.530342024288775,0.591825681349641,1.0194249479513768,subjek29
0.8455669541824612,1.8751510631746802,0.4208746362326522,1.3780264338112325,0.9548466208493991,0.8087195989291607,0.5831958040464136,2.2922474639449217,0.26614938559845847,0.2902913095168995,1.4600889131467134,1.3912124309261797,0.3716506616997825,1.9295521455067988,0.8403898463832115,1.5320380670342177,0.5961865499279708,1.013368036627605,subjek29
0.8039891507153059,1.9280747695176432,0.4095287333568441,1.2943242843665916,1.037108189036209,0.8101601801869919,0.637033065676186,2.205807568054813,0.29875201985879407,0.31255342979751743,1.3945527013047034,1.4344865224875722,0.3940650731099877,1.7665249195350823,0.9810026609447237,1.7332654822842057,0.5398415968850789,0.8684855744205084,subjek30
0.8130893648012383,1.911945694377471,0.4165575944110836,1.3057211901917407,1.0253724457586288,0.8104990176394238,0.6242982541645309,2.221444662152346,0.2958497372729169,0.3113059086559621,1.355499082411857,1.4747876625219751,0.39025703601180994,1.7798094596204872,0.9715261579574959,1.7362788898219652,0.5318469202725538,0.8734668434952738,subjek30
0.8044518765605569,1.926417397680778,0.41072337934845876,1.3041073314287766,1.027185525791632,0.8102997963693848,0.6154097498023124,2.2318639184151348,0.2943189853723457,0.31207727339755537,1.3769313860976713,1.4525839940945666,0.39902658060317037,1.7745319853394415,0.9680340876471811,1.743813309239779,0.5280744484263596,0.8697048959236547,subjek30
0.8094159426955438,1.917827903406057,0.41434880748819225,1.3069607331120192,1.0255894629865676,0.809042457491207,0.6199005886783013,2.2249754743536503,0.2967165905578419,0.3120945715262557,1.3908444013780952,1.4386536806854426,0.39230539886995835,1.7888913933069266,0.9603958614129084,1.7165019405634836,0.5337081916392616,0.8913825213870483,subjek30
0.8439849438874353,1.8265988753396578,0.47100883436270014,1.4263255207511494,0.9558037889348537,0.7594633439037888,0.5795320501144425,2.2705612279372867,0.2914993755380641,0.28745721772150623,1.3153976600763744,1.53873777579191,0.43089047190769675,1.8092855363975433,0.9014166452845532,1.7156638291812123,0.5424800558680433,0.8834487685405381,subjek31
0.8553315373640336,1.8180820912037776,0.46817902502198233,1.4221275655753352,0.962373471197721,0.7570916168167386,0.5863272244404948,2.2671408036051064,0.2881246255441918,0.2743068751407862,1.334316995292226,1.5329687831567802,0.42701444789431436,1.8030763345743304,0.9115018711211491,1.7227387047439846,0.5366920092680256,0.8821619395777835,subjek31
0.8438490698969624,1.8198314599339591,0.4779121237588717,1.4353814434120387,0.9589515086806628,0.7472597014970906,0.5722549824806515,2.277005149723654,0.29233252138548754,0.2802799599543136,1.3383939199875992,1.5229187736478806,0.43380242665921676,1.794862424660586,0.9129278022699905,1.723398987047755,0.5401654256695833,0.8780282408724551,subjek31
0.8482470206557771,1.8051067350071714,0.48823889792684455,1.43771934638727,0.9438450587752399,0.7600282484272836,0.5799347512228306,2.2677086228367527,0.2939492795302102,0.28267048737651074,1.3438533146456235,1.5150688515676602,0.44258173240217463,1.793568873980508,0.9054420472071107,1.7032990526665979,0.550363401087588,0.8879301998356075,subjek31
0.7898751358257005,1.9256705669416845,0.42604695082240845,1.2419688082034845,1.0296191032362065,0.8700047421501012,0.6500626789411975,2.163273134204792,0.32825684044380377,0.2739853133229534,1.566659707202382,1.300947633064458,0.44183942593494674,1.6950951368317868,1.0046580908230598,1.6166873832713096,0.6354342448523855,0.8894710254660984,subjek32
0.7969510382187796,1.9136155608018552,0.4310260545691586,1.2610933822524406,1.0158005994563097,0.864698671881043,0.637975706198791,2.1808369040303375,0.3227800433606643,0.26672280956399896,1.5796460987477372,1.295223745278057,0.4384140433692016,1.7345647735632803,0.9686138366573113,1.581800904848984,0.6436450389065917,0.9161467098342174,subjek32
0.7940753466621003,1.9205026948832429,0.4270146120444501,1.2430578200143412,1.0254892799100244,0.8730455536654277,0.658769188199327,2.148664748424084,0.33415871696638216,0.2693295230986869,1.5822622780195412,1.290000852471565,0.4395179351879772,1.7207242672447274,0.9813504511570885,1.574419498899768,0.6566106574723282,0.9105624972176968,subjek32
0.7934819971963953,1.9173373892923746,0.43077326710102326,1.2499368317724902,1.0277309844388385,0.8639248373784646,0.6327225439338235,2.1874736453352224,0.3213964643207474,0.2745155947776768,1.5517474878313018,1.3153295709808153,0.4359490669953598,1.7056286306004238,1.0000149559940095,1.6223363254187633,0.6226856476217021,0.8965706805493279,subjek32
0.7533626081746105,1.9735282587464973,0.4147017866686857,1.257684838658934,1.0820199172755,0.8018878976553592,0.6480839816579671,2.1650980744333883,0.3284105974984379,0.3114583736354592,1.3221898063410158,1.5079444736133194,0.44947452714451686,1.6002301515256676,1.0918879749196087,1.9062242681271582,0.5171937282627698,0.7181746571998651,subjek33
0.7741648778217224,1.9198001222288972,0.4476276535391739,1.247403761474068,1.0922995255879986,0.801889366527726,0.6435011087932845,2.1428992102295323,0.3551923345669758,0.32050203557631635,1.3082948036545667,1.5127958143589102,0.47962187112471,1.5528514473723345,1.1091193350927488,1.90168209247568,0.5346596059737044,0.7052509551404088,subjek33
0.7513803523656063,1.982042178250726,0.40817012297346084,1.2427775591778953,1.0982301382193627,0.8005849561925351,0.6690429981905732,2.134665685575597,0.3378839698236227,0.3117213860337546,1.4091675239938128,1.420703743562226,0.44701613572797505,1.6220423144738603,1.0725342033879577,1.8327836452429942,0.5560414242626783,0.752767584084121,subjek33
0.7521148983959844,1.9718154516422945,0.4176623035515142,1.2363429743909506,1.1035292716604432,0.8017204075383989,0.6610741653875984,2.1409743070039164,0.33954418119827795,0.320382025781371,1.4055732851677478,1.4156373426406739,0.45318659184779525,1.608504268049203,1.0799017936927953,1.8366596717092762,0.5573381653180187,0.7475948165624982,subjek33
0.7075416738544794,1.9710369838288704,0.4630139959064433,1.2357425287851704,0.9537027188024128,0.9521474060022106,0.5606145136500257,2.2599558058182163,0.32102233412155057,0.30977359475837085,1.45175619406469,1.3800628647667321,0.4889210369328335,1.6805796090562937,0.972092007600666,1.5968830431364345,0.6260898118754005,0.9186197985779582,subjek34
0.7100870671526288,1.9602623961847163,0.47124319025244776,1.2671206282975174,0.941559165405457,0.9329128598868178,0.5416555994040191,2.286946414307293,0.31299063987848147,0.30490876772897396,1.4136523845290405,1.423031501331779,0.46480270667042145,1.7353503224344131,0.9414396244849584,1.583626075840138,0.6045080570175952,0.95345852073206,subjek34
0.7192874249263854,1.9576999110415347,0.46460531762187307,1.2602627064042615,0.9653640893864445,0.9159658577990875,0.561888753146382,2.2547287875134483,0.3249751129299632,0.30906873369352617,1.4432057367960611,1.389318183100206,0.46532301142174354,1.7197872419364042,0.9564824002316455,1.5905263910612675,0.6103935310827852,0.9406727314457409,subjek34
0.7328151017865066,1.9449007427148142,0.4638768090884727,1.2627892255679907,0.9684309870552517,0.9103724409665507,0.5593161915033452,2.267055785766444,0.3152206763200037,0.30433811470585215,1.4778027543531682,1.3594517845307732,0.4801638432955684,1.7107662478757892,0.9506625624184357,1.5913441407722986,0.6314595275833853,0.9187889852341089,subjek34
0.8405451502635715,1.9148959826438996,0.38615152068232267,1.3257316490409008,1.1417127954838449,0.6741482090650475,0.7290058453221877,2.091440607895315,0.32114620037229064,0.3172814579800354,1.4312920613512934,1.3930191342584641,0.3910778128732765,1.7405568483910763,1.0099579923254407,1.8521300376232714,0.5303559454076033,0.7591066705589183,subjek35
0.8149730858189478,1.952755911796086,0.37386365597475935,1.3090962105344077,1.1336650241791724,0.6988314188762134,0.7309244747303938,2.0945480869357826,0.3161200919236168,0.31051224425977103,1.457863610644654,1.3732167986853678,0.3959105639875501,1.7199169256440903,1.025765163958153,1.8476568082061937,0.538587868388373,0.7553479769952268,subjek35
0.8176870729104767,1.9440747336368904,0.37983084704242603,1.3166106522132752,1.1298483601244411,0.6951336412520766,0.7148486109516172,2.110223369964231,0.3165206726739447,0.3245921605486112,1.3003980160501725,1.5166024769910107,0.4195238740068592,1.5563010673918196,1.1657677121911145,2.0965271988997607,0.4280665932776419,0.6169988614123914,subjek35
0.8050254310099908,1.9685018659485631,0.36806535663123924,1.3075381886945756,1.1361664842025285,0.6978879806926886,0.7250805328978858,2.1038148146444264,0.3126973060474814,0.31840927481206727,1.382200599273083,1.4409827795046435,0.3988442995336458,1.660604348252777,1.0821440058033704,1.9598595183575493,0.4850275310935487,0.696705604138695,subjek35
0.7648761282066887,1.915580229571498,0.4611362958116064,1.2925566322667343,0.9488822249679275,0.9001537963551316,0.5826510585957917,2.2490303741123725,0.3099112208816295,0.29990059775951405,1.2781349349652644,1.5635571208650088,0.49030611655483997,1.5657246668865117,1.0855618701484415,1.840804880603946,0.531021132323075,0.7697666406627728,subjek36
0.7893077835746212,1.9042260423505486,0.448058827664624,1.2936937608549968,0.966351606962632,0.8815472857721645,0.6102461907780143,2.2242119583926785,0.3071345044191012,0.30238341403145175,1.341980673012685,1.497228566545656,0.47417494458176807,1.6432369549196137,1.0241807540884111,1.7653657186368954,0.5617378919908069,0.8144890429620911,subjek36
0.7825573721427008,1.9106202769587262,0.4484150044883663,1.2775703899925108,0.9747206582455847,0.8893016053516978,0.5932824771399348,2.2367476362721446,0.31156254017771406,0.2995812605910065,1.3654334248452742,1.4765779681535114,0.48472366983743115,1.6249399166303644,1.0319290671219976,1.7575655226124587,0.5707286049765956,0.8132985260007389,subjek36
0.7825402160788749,1.9145955221765112,0.44445691533440723,1.2841697770246778,0.9741880818045854,0.8832347947605296,0.6190753432273493,2.2021429506581036,0.3203743597043401,0.3052927860142603,1.3606392577609048,1.475660609814629,0.49701858922842423,1.596704377831498,1.0478696865298711,1.7941886404642504,0.5628996333203709,0.784504379805172,subjek36
0.848181682173827,1.8327605328917178,0.46065043852424903,1.3196353622171277,1.0265158418489166,0.7954414495237485,0.6877865165269236,2.1150768117408765,0.338729325321993,0.3113851243830969,1.5463853285091678,1.2838222006975288,0.4373248537861435,1.829306007501409,0.8749617923022411,1.5432823962425801,0.6385714379217681,0.9597388194254448,subjek37
0.8544814650317976,1.8358416374076234,0.4512695511503725,1.3166715772392625,1.037088135155635,0.7878329411948957,0.7118184912904886,2.083270403523154,0.3465037587761502,0.30551600381362815,1.5593723344185688,1.2767043153575968,0.43196870562147166,1.830618297273107,0.8790056506952143,1.5380735684333233,0.6491172464826321,0.9544018386738373,subjek37
0.8306776796225559,1.852883222993391,0.45803175097384635,1.2962279410061566,1.0453912480698413,0.799973464513795,0.669120031626714,2.127524952869294,0.3449476690937857,0.3081630745772198,1.5704369287892788,1.2629926502232949,0.4431896294966117,1.8156075571247623,0.8827954669684194,1.5324805631343106,0.6563788544058806,0.9527332360496023,subjek37
0.8640056866871617,1.8248693559778792,0.4527176109247523,1.2981068530025244,1.033072917612132,0.8104128829751369,0.7090347499490091,2.0841254732599417,0.3484324303808418,0.30482124639447034,1.5666375426352641,1.2701338645600588,0.4439571646363633,1.8232676136205237,0.8743678753329063,1.519527892255542,0.6626792570149356,0.9593855043193158,subjek37
0.8370377027942398,1.879395162684868,0.42515978811068583,1.2591104586560151,1.0798519578351549,0.8026302370986231,0.7121154648428899,2.086546899220112,0.34293028952679105,0.3581314978348666,1.717250246155435,1.0662109095994914,0.4715587337546907,1.7581670056829015,0.9118669141522004,1.486729063451342,0.7009201501274386,0.9539434400110125,subjek38
0.8378772433840795,1.889656699401368,0.41405871080434625,1.2660768063773118,1.0584179342315134,0.8170979129809676,0.7049768849876891,2.1015496678640058,0.335066100738098,0.35979743113728213,1.6900053146164062,1.0917899078361046,0.46414751115221303,1.7726036687409366,0.9048414736966435,1.5023476237067852,0.6758901785313399,0.9633548513516681,subjek38
0.848743642475013,1.8676938722553083,0.4251551388594715,1.278364312987237,1.0631404517892922,0.800087888813265,0.7339673356881461,2.069489440356274,0.33813587754537305,0.35762716716977083,1.6958865859629038,1.0880789004571183,0.46549466610286055,1.764609222376008,0.9114887651109248,1.497933290585502,0.6949292861779054,0.9487300768263859,subjek38
0.8410561826936084,1.8852544818555788,0.4152819890406061,1.2718727928122096,1.0689412832908314,0.8007785774867517,0.7321778352926914,2.0620090504442237,0.34740576785287824,0.35442112474111437,1.7041843358985624,1.0829871929501167,0.46302970696366297,1.7684995600090152,0.9100633866171148,1.49241519823501,0.6945808676372467,0.9545965877175362,subjek38
0.8142092455971537,1.9026582475549023,0.42472516043773717,1.2396577076848891,1.0776710483363283,0.8242638975685751,0.7544030943676436,2.030977243541636,0.35621231568051365,0.2810242573286532,1.6129439037617748,1.2476244924993654,0.47046021804188676,1.6869907317191712,0.9841417038287352,1.6510377854552671,0.636561829354959,0.8539930387795672,subjek39
0.831787491505994,1.874684789972435,0.43512037211136434,1.268420635745099,1.0975603204720736,0.7756116973726213,0.7419901492026015,2.0453038747344565,0.3542986296527355,0.2820278510834525,1.613935272261073,1.2456295302452676,0.44225382881909614,1.737098902983111,0.9622399217875861,1.633160719686206,0.6259591011247888,0.8824728327787984,subjek39
0.8347947426727654,1.8733246736755191,0.43347323724150816,1.2564533088304717,1.0699006393604091,0.8152387053989116,0.7280717542545492,2.0626821697190665,0.35083872961617757,0.28084831479281497,1.6468172546259305,1.2139270841710474,0.4530439256258803,1.7516888576554621,0.9368598703084512,1.5649503226568187,0.6653285607817636,0.9113137701512116,subjek39
0.8060335230738042,1.8919288730340331,0.4436302574819561,1.2490773267181527,1.0584340899415916,0.8340812369300492,0.6996700610809968,2.0867551519667282,0.35516744054206784,0.2911806616211486,1.6674217507955924,1.182990241173052,0.4718249968163095,1.7588197562675099,0.9109479005059737,1.5328046896477676,0.674194541160528,0.9345934227814978,subjek39
0.8056093887644844,1.8650440725505482,0.47093919227476083,1.3003935863216871,0.9993462062306988,0.8418528610374068,0.6496897822051226,2.1448121144504033,0.34709075693426744,0.3209583452561719,1.6174719610214603,1.203162347312161,0.4582730129873693,1.900116261060794,0.7832033795416296,1.3757889340103884,0.738357832334636,1.027445887244769,subjek40
0.7683373486784827,1.9161701934571886,0.45708511145412145,1.2716684884514977,0.984521525938961,0.8854026391993334,0.6438691159221951,2.1503515163730453,0.3473720212945529,0.31906728938928536,1.628857108115917,1.1936682560845904,0.4625934983582022,1.8838235256397722,0.7951756295918189,1.3488046742002582,0.76448411920836,1.0283038601811751,subjek40
0.7732635729606134,1.9051610052327566,0.4631680753964234,1.2597411349742407,1.0198764865371204,0.8619750320784326,0.6453771976436535,2.135919656017312,0.3602957999288283,0.31353503249252096,1.6588103200040514,1.169247301093221,0.4671348120012088,1.8547509945810252,0.8197068470075592,1.3595334774337344,0.7743360498043214,1.0077231263517377,subjek40
0.7907123812187694,1.9064726154023957,0.444407656968628,1.2653977262899816,1.0184210530894342,0.8577738742103774,0.6553247259184594,2.133785405837041,0.3524825218342932,0.334343431942876,1.6002308696167657,1.207018352030151,0.4676177582149002,1.85848383426947,0.815491061105423,1.4176883021485271,0.7367718880791849,0.987132463362081,subjek40
0.7892591480728437,1.9108934463046596,0.44144005921228996,1.2459268367910243,0.9782450148762059,0.9174208019225631,0.6601503040248271,2.1606791444463624,0.32076320511860346,0.3347361776654827,1.369750470532939,1.4371060053913713,0.4853492367490873,1.7031963820191283,0.9530470348215778,1.6814115006193093,0.5981015159678935,0.8620796370025906,subjek41
0.7977165093858722,1.9079189014765774,0.4359572427273437,1.2289977323295103,0.9841566537508297,0.9284382675094531,0.6495304564157889,2.175276643684791,0.31678555348921333,0.3438046565722984,1.389932980116116,1.407855016901378,0.49351070572484546,1.7108136843647634,0.9372682635001843,1.6632665849810104,0.609770066584411,0.868556002024372,subjek41
0.7892891943440931,1.9133291081195354,0.4389743511261651,1.2436076959683715,0.9800000393313019,0.9179849182901201,0.6593995936485202,2.1588095322172087,0.32338352772406387,0.35052463956266056,1.370842377936949,1.4202256360901844,0.49393130167035676,1.701519638715263,0.9461417132041734,1.6880347916759106,0.5921073417797695,0.8614505201341134,subjek41
0.801607752059598,1.9054419086641472,0.4345429928660484,1.2392221275460427,0.9888412441307557,0.9135292819129947,0.6777082925646278,2.137525544318403,0.32635881670676276,0.33939806579467446,1.4269663465125908,1.3752282412825272,0.48235160214086054,1.7298916115944394,0.9293494398544933,1.6374651153036646,0.6109392907969585,0.8931882474891697,subjek41
0.8152346750804265,1.9082562919658759,0.4181016865434907,1.3198635971551524,1.0680645338667476,0.7536645225678927,0.6133196811078615,2.2122685853782413,0.3160043871036902,0.2849758008732419,1.1380211712347466,1.422996972107989,0.40026841153843634,1.6713732442497449,1.0699509978016124,1.97754653467904,0.44127501377076395,0.7227711051399888,subjek42
0.8051973703875493,1.929224541336482,0.407170741865762,1.3212163783278765,1.0660915743969657,0.7542847008649517,0.6066458603531895,2.2272404008283955,0.30770639240820813,0.2861828546412514,1.1305152168015307,1.4166980714427815,0.3935478108993342,1.6688997740613303,1.079145068629129,1.9960574878794841,0.43738868548517645,0.7081464802251327,subjek42
0.8008882444905664,1.9184432174947463,0.42226119160448033,1.3317340959770538,1.0730095269631055,0.736849030649634,0.6038073640988868,2.2224131754031142,0.3153721140877921,0.275911651564669,1.1081578637543035,1.3840695153189722,0.38431940369798945,1.663484842578217,1.0937884073135873,2.0052303536407234,0.427897637015561,0.7084646629335094,subjek42
0.8046674706515393,1.9156052035283744,0.4213199794098793,1.332165378547752,1.0658870636362971,0.7435402114057448,0.6028276997595803,2.2208663845516075,0.3178985692786053,0.2846666363283097,1.1170838238649232,1.4017504601932327,0.3823931167118418,1.6865496223098042,1.0726499145681472,1.9724134265106157,0.4366522392561208,0.7325269878230565,subjek42
0.8367978779429305,1.923408648550251,0.3813861270966122,1.330212398868274,1.0865195539475256,0.7248607007739947,0.6504427676991327,2.204551657907943,0.2865982279827174,0.2821771833321957,1.2959725985996657,1.563442871657943,0.3630755060235048,1.7046279140686371,1.0738892334976513,1.9375625337459148,0.45476921889969346,0.7492609009441847,subjek43
0.8338711466121385,1.933846165258646,0.3738753417190093,1.3313806828245998,1.0844617428352126,0.7257502279299807,0.6504649252816226,2.2096065498003754,0.28152117850779534,0.2804234720282841,1.3151160247455917,1.5460531568159204,0.37245694632338355,1.6975704941019845,1.0715652131644249,1.9446882924302815,0.4630343812194307,0.733869979940081,subjek43
0.8564713398658788,1.9085543323548557,0.37656698136905864,1.346006781968613,1.1019276932646036,0.6936581783565763,0.6672493385334654,2.1824798699301264,0.29186344512620155,0.2631808490555306,1.3648877461390168,1.5135240583952467,0.3651334829882709,1.701060052989239,1.0753991176122832,1.9314465378679062,0.47203556381763734,0.7381105519042497,subjek43
0.863232116656606,1.8982704503720755,0.380090086561112,1.349067331587803,1.1023685420021825,0.6901567799998081,0.6718954559664442,2.1784767503162383,0.2912204473071102,0.26984618471234556,1.4297191950588657,1.4420272738185815,0.361769749995388,1.7446909209831958,1.0351319826112098,1.8583284270327085,0.5005560233259706,0.782708203231114,subjek43
0.8005042758050983,1.8574660305006219,0.4836223472840732,1.2927213162798505,0.9979695355162118,0.8509018017937304,0.6642091498306635,2.1252739626235884,0.35210954113554094,0.34626508549558704,1.2742882679818648,1.521039300112344,0.5302719940982906,1.5503909961083586,1.060929663383144,1.872731808879459,0.5288754696493156,0.7399853750610185,subjek44
0.8167147894271822,1.8507838051988417,0.47409405896376916,1.2752503820473304,1.0112343925386242,0.8551078790038382,0.6947382761967031,2.0882840677690053,0.3585703096240848,0.35678098738579483,1.276885887528689,1.507925778675308,0.5479216776519092,1.515073420902492,1.078597555035392,1.9026125669494505,0.5304498593671797,0.7085302272731632,subjek44
0.813385727636802,1.8569758777792458,0.4712310481737457,1.279919146341307,1.00209029767015,0.8595832095783366,0.6793586093392646,2.1097101804212084,0.35252386382931944,0.3549626069811871,1.2943919207200756,1.492238125888531,0.5316360429643276,1.5573838891136922,1.0525727215117737,1.8591982159475002,0.5354448624030184,0.746949575239275,subjek44
0.8169657493632808,1.847877996913907,0.4767489073126055,1.3000881905748094,1.0160476223815937,0.8254568406333906,0.6933410444484598,2.0854813975916064,0.36277021154972694,0.3430187839635673,1.3202628883939875,1.4783109812322373,0.5288403869230338,1.5615304899951004,1.0512217766716594,1.85080148451652,0.5497524824832318,0.7410386865900415,subjek44
0.941216708819106,1.7773443171541097,0.42303162761657725,1.371862109063224,1.086256169884899,0.6834743746416712,0.7563461428432974,2.0609687215057977,0.324277789240698,0.30099794986916106,1.6235044082983805,1.2170902954222513,0.39193098535211607,1.900153029855969,0.8495086383817083,1.5831935934227155,0.6067559342230109,0.951643125944067,subjek45
0.9398718093450311,1.7824733474022256,0.41924749684253665,1.358069831777767,1.0950641778694334,0.6884586439425923,0.7563461428432974,2.0609687215057977,0.324277789240698,0.3035340030159423,1.6265167931067688,1.2115418574670822,0.3828070240885591,1.9218885626928128,0.8368970668084212,1.5516542898363896,0.6210030099029467,0.9689353538504564,subjek45
0.9475177700169429,1.768478753874596,0.42559612969825417,1.3710082428988275,1.103663336280189,0.666921074410777,0.7684199443435267,2.0411508846562314,0.33202182459003493,0.3038624940352224,1.648715206326024,1.1890149532285474,0.38858138008367316,1.912292040160578,0.8407192333455418,1.5606864559706848,0.6168372688428464,0.9640689287762623,subjek45
0.9459214462002941,1.7643430727282796,0.43132813466121905,1.3756432766525881,1.082339973578531,0.6836094033586746,0.7526593880277556,2.0619843142928747,0.3269489512691632,0.30798208996112747,1.5992883065367056,1.2343222570919603,0.38843247611387793,1.9191029722688548,0.834057205207061,1.5627246295021475,0.612550743414134,0.9663172806735121,subjek45
0.9184552234384449,1.8113152016049732,0.4118222285463752,1.3357681451394257,1.0016987359533025,0.8041257724970661,0.695300073890408,2.1476528951226714,0.29863968457671386,0.32817169623197673,1.4563081554286632,1.3571128019291532,0.4477043465501124,1.8064478557222734,0.887440451317407,1.6937790753282065,0.5677144811780646,0.8800990970835223,subjek46
0.8754351117866183,1.8305144832430815,0.4356430585600934,1.3411676745841077,0.9957271012803347,0.8046978777253508,0.6530757555568077,2.1777595798051754,0.31075731822780966,0.3306804095633099,1.4514934746386585,1.3594187693878248,0.4568953885240212,1.8001910461542787,0.8845062189114931,1.6626967753778534,0.5864684736117599,0.8924274046001797,subjek46
0.8821086347086923,1.8366460159886122,0.4228380028924888,1.3439974787410112,0.9941753455795136,0.8034198292692689,0.6789409642167555,2.159856791694715,0.3027948976783223,0.33518321205027013,1.4755429470268253,1.330866494512697,0.4534995944417939,1.8017485181888198,0.8863445409591795,1.67619464872266,0.5737900788589397,0.8916079260081938,subjek46
0.8763922017013762,1.8240776882061671,0.44112276368224973,1.3504122436836143,0.9862460597845356,0.8049343501216429,0.6489102297076713,2.1830882194133445,0.30959420446877733,0.323807660496205,1.4523042204286138,1.365480772664975,0.4561294286930504,1.8016903477063682,0.8837728771903748,1.6511194010019734,0.5952952383608118,0.895178014227008,subjek46
0.8112013525405247,1.879548407749391,0.45084289329987787,1.3151577436876039,0.9884813084012569,0.8379536015009335,0.6451494067351317,2.1667369572281565,0.3297062896265046,0.3004922910380765,1.350178887954167,1.4909214745975503,0.5106873802815218,1.6733162953878837,0.9575889779203874,1.793686074436493,0.5520040323748909,0.7959025467784092,subjek47
0.7701327933768253,1.9148126606987381,0.45664719951422955,1.294588668918414,0.9848775963142736,0.8621263883571059,0.6076858061939876,2.2052715158471177,0.32863533154868857,0.32062126386142265,1.3622916959112041,1.4586796938171678,0.4962196604333742,1.6778364617009465,0.9675365314554727,1.7484456984955008,0.5604080303960539,0.8327389246982386,subjek47
0.7788992679319271,1.8912581084791666,0.47143527717869993,1.2963304210754205,0.9657147254517806,0.8795475070625928,0.6090871589077731,2.204151222328936,0.3283542723530838,0.32996920031580423,1.3314552409209146,1.4801682123530737,0.5010797489416801,1.6834699272194689,0.957042977428644,1.727564184209755,0.5678879325707729,0.8461405368092657,subjek47
0.7761651241999673,1.8853028520256083,0.4801246773642176,1.2735195607592744,0.9670204324261055,0.9010526604044135,0.614614122292625,2.1899962410336014,0.3369822902635676,0.33310923935970893,1.2847135175400632,1.5237698966900182,0.5197319372609364,1.6299809659508877,0.991879750377969,1.7703207396407352,0.5548557325664927,0.8164161813825656,subjek47
0.8284322937270333,1.8934384377796396,0.41972192208312004,1.3335949318868041,1.1266107782252017,0.681386943477787,0.7001014623711608,2.1081096226062837,0.3333815686123483,0.2967666472931346,1.6629456016079451,1.1818804046887135,0.3731113942529373,1.914457123183447,0.8540241361534088,1.519836152905599,0.6518992280271512,0.9698572726570431,subjek48
0.8382241420956148,1.8844964391126688,0.4188720723815099,1.3424636257798268,1.126475826719032,0.6726532010909345,0.7010944459943571,2.107242245531365,0.3332559620640715,0.2883646408363297,1.6337933800799238,1.21943463267354,0.3644261848012552,1.9272079751077287,0.8499584936808093,1.5371661415078368,0.6372798742288506,0.9671466378531061,subjek48
0.8370179822249625,1.8942306469239962,0.4103440244408347,1.3350882481453743,1.1238584894405523,0.6826459160038667,0.6911202046211775,2.1234441787080476,0.327028270260568,0.29245761435648504,1.6317674595245384,1.2173675797087702,0.36128757544822254,1.9312921589471004,0.8490129191944704,1.5273179653859361,0.6447822385264445,0.9694924496774125,subjek48
0.8291546005178169,1.9064297889069879,0.40600826416498853,1.3318598862087336,1.1226513517191068,0.6870814156619531,0.6900139179565884,2.129788727831363,0.32179000780184175,0.28362998801044786,1.6656268721517444,1.192335793427601,0.3701665941778108,1.9118475677058808,0.8595784917061011,1.534159232018669,0.6553366342900094,0.952096787281115,subjek48
0.9369578487759903,1.7815897676226449,0.4230450371911584,1.3616660492807635,1.0797131228027932,0.7002134815062361,0.7334167395240734,2.0871373576943273,0.3210385563713927,0.2599494712693712,1.6505441936865393,1.2310989886338828,0.3720187298552759,1.9094889554382508,0.8600849682962661,1.5203474629648057,0.6568713179863562,0.9643738726386314,subjek49
0.8530680667621894,1.856218403901626,0.4323061829259779,1.3378651796919887,1.063456714745683,0.7402707591521219,0.6843922729241991,2.127509232240712,0.32969114842488256,0.27705652762006766,1.6251015776531956,1.2394345483165299,0.3778841818179957,1.8830964832724293,0.8806119884993686,1.4994186125408395,0.6579232423077053,0.9842507987412485,subjek49
0.8745452327237387,1.8498950643433845,0.4171523565226702,1.3546491480183938,1.0788123466491906,0.708131158922209,0.7218658971353219,2.0908779167478833,0.32884883970658796,0.2706768117956617,1.5911503122072506,1.2797655295868813,0.3739757489108486,1.8669927066132859,0.9006241980656582,1.5856541564108224,0.6221959362060037,0.9337425609729668,subjek49
0.9019439996162253,1.810137504641912,0.42951114933165624,1.3332194811728124,1.0771795221709408,0.7311936502460401,0.730210168201138,2.075998130244193,0.3353843551444617,0.28915415425079843,1.6971025761923806,1.1553359231466145,0.38269615463416995,1.9290725187804032,0.8298239801752199,1.424645159997668,0.691808527918761,1.0251389656733645,subjek49
0.8579989927860021,1.8661287938502689,0.417464866953522,1.3174092870522274,1.0130504817950425,0.8111328847425233,0.6495643400845426,2.1838852693221558,0.3081430441830949,0.3125252784661032,1.5095006379606413,1.3195667371630488,0.3998108792671701,1.9431534823419754,0.7986282919806477,1.5078941010380535,0.6242406406704196,1.0094579118813198,subjek50
0.8497961225745627,1.865387186714653,0.42640934430057714,1.3121549925672236,0.9988796930919197,0.8305579679306503,0.6385217786499604,2.189354912330537,0.31371596260929524,0.3400181748264593,1.4522182166375297,1.3493562621258044,0.4012818941572113,1.9278452152366472,0.8124655441959345,1.5088323889932056,0.616547613367806,1.0162126512287812,subjek50
0.8465146031252487,1.8764469961746688,0.4186310542898761,1.3071597632587206,1.0110988976045592,0.8233339927265133,0.6333445081160516,2.1985038370736394,0.3097443084001027,0.30571824237873213,1.6044076871214443,1.2314667240896162,0.4090100583980307,1.9535885634925305,0.7789940316992321,1.4379989549145806,0.6593571025271234,1.0442365961480893,subjek50
0.8487934626178661,1.883108843622672,0.40969034734925475,1.2934332413155298,1.0250052088652049,0.823154203409058,0.6296062841353588,2.206704185522515,0.30528218393191947,0.3200561041301494,1.5920968882112674,1.2294396612483764,0.40133476399696494,1.9604892586590275,0.7797686309338008,1.4446566867677306,0.6492288589001711,1.0477071079218914,subjek50
