78,30,28,78,30,28,12,18,112,43,45,46,168,50,64,82,63,80,subjek1
93,32,31,88,32,31,22,35,122,58,57,43,156,48,71,71,67,69,subjek1
94,32,31,91,31,32,17,26,125,57,58,52,182,56,75,80,72,77,subjek1
76,27,26,75,26,26,13,17,110,45,45,43,152,47,59,62,60,65,subjek1
94,40,39,89,38,40,14,14,135,54,52,48,179,54,70,75,69,79,subjek1
93,38,37,91,37,39,13,7,137,51,50,53,179,57,70,74,64,73,subjek1
95,41,40,91,39,40,15,5,132,53,54,55,182,60,73,83,69,85,subjek1
93,39,37,90,37,39,10,3,135,51,50,50,173,54,70,74,67,77,subjek1
94,40,41,90,40,42,15,12,134,53,53,49,170,54,72,71,69,73,subjek1
79,32,32,77,31,32,12,13,109,46,44,42,141,45,59,61,57,62,subjek1
92,40,38,90,40,40,11,8,130,55,54,47,164,51,71,75,70,77,subjek1
94,31,30,92,32,31,7,16,131,54,53,48,163,52,68,70,66,70,subjek1
94,32,30,93,32,32,6,17,135,51,51,48,166,53,67,69,65,67,subjek1
79,29,28,77,28,29,4,14,112,46,43,42,143,45,58,57,55,55,subjek1
79,30,29,76,29,30,6,15,110,45,43,40,143,44,59,59,55,56,subjek1
73,29,26,74,28,27,11,22,106,46,48,39,140,44,60,57,59,58,subjek1
77,26,26,79,26,27,17,2,117,50,55,34,146,38,59,71,64,82,subjek2
78,26,26,80,27,27,14,0,115,52,55,44,159,46,62,71,68,81,subjek2
78,27,27,81,27,28,18,1,116,50,55,41,156,43,64,70,68,79,subjek2
78,28,28,80,28,28,15,1,119,51,55,35,147,38,58,68,63,78,subjek2
78,27,26,80,27,28,15,0,117,50,56,40,153,43,60,69,65,79,subjek2
79,27,27,81,28,28,21,4,116,50,55,39,151,41,59,62,66,74,subjek2
78,28,28,80,28,29,22,4,114,52,56,41,153,44,60,69,66,78,subjek2
77,28,28,80,28,29,18,1,115,51,55,39,151,41,57,66,68,77,subjek2
77,28,28,80,27,28,16,4,117,50,55,36,155,39,60,68,69,83,subjek2
78,27,26,80,27,28,16,3,115,50,55,41,155,43,58,69,68,81,subjek2
75,26,27,78,26,27,21,1,116,50,56,39,150,41,57,62,66,74,subjek2
78,27,26,80,26,27,21,1,116,51,54,41,155,44,56,62,64,71,subjek2
78,25,25,81,25,26,17,2,116,51,55,39,156,42,58,64,66,73,subjek2
79,24,24,80,23,24,19,0,114,51,53,38,157,41,58,64,67,75,subjek2
79,26,26,79,26,26,22,2,117,51,52,41,153,44,55,61,63,70,subjek2
78,26,26,79,26,26,16,0,115,52,55,38,154,41,58,66,66,78,subjek2
95,34,31,97,32,33,39,34,111,68,62,40,165,44,80,75,73,70,subjek3
97,29,27,98,28,28,37,35,114,74,65,51,209,56,93,92,80,87,subjek3
100,29,27,99,27,28,29,23,123,72,63,53,208,59,93,93,83,88,subjek3
96,29,28,96,29,29,30,25,117,72,62,52,196,57,87,85,79,79,subjek3
99,31,30,100,30,30,35,30,118,74,62,54,205,59,92,98,81,90,subjek3
97,29,27,96,27,28,37,36,118,72,62,47,197,50,89,84,76,74,subjek3
98,31,30,97,30,30,31,33,119,71,61,44,180,50,85,80,77,74,subjek3
97,29,28,97,28,29,32,35,120,71,62,47,200,50,89,86,77,78,subjek3
99,30,29,100,29,30,29,30,124,71,60,55,201,59,91,93,78,88,subjek3
97,19,19,98,19,19,30,31,120,72,62,60,217,64,92,96,80,87,subjek3
102,29,28,100,28,29,20,21,127,71,60,56,209,61,91,95,77,87,subjek3
82,26,25,80,23,24,22,15,107,56,50,42,170,44,72,74,61,66,subjek3
83,26,24,82,24,25,21,14,109,55,49,41,171,44,73,75,62,67,subjek3
81,26,24,79,23,24,20,12,109,55,48,43,171,44,72,76,61,66,subjek3
84,25,23,82,22,24,23,18,112,56,49,41,169,42,72,75,61,66,subjek3
83,27,26,83,25,26,31,29,89,61,56,41,161,45,81,76,71,72,subjek3
92,38,36,94,37,36,34,20,134,58,57,44,178,49,72,82,69,85,subjek4
92,36,34,95,34,35,25,21,137,55,54,43,166,48,65,70,64,74,subjek4
91,37,36,94,36,36,28,21,134,57,57,47,185,52,73,86,71,87,subjek4
93,37,35,96,35,36,30,23,138,53,55,42,162,46,61,69,64,76,subjek4
93,37,35,96,35,36,31,23,135,54,56,47,173,50,67,74,66,78,subjek4
94,38,36,98,36,37,26,18,135,56,58,45,186,47,73,84,71,84,subjek4
93,39,36,97,37,38,25,17,135,56,58,45,189,48,73,88,73,90,subjek4
92,38,36,98,36,37,23,20,135,57,57,44,185,47,73,80,72,82,subjek4
94,38,36,99,36,37,29,19,135,57,58,48,190,52,76,98,74,100,subjek4
93,39,37,99,37,38,28,19,133,56,60,45,183,49,72,83,73,88,subjek4
92,39,37,99,37,37,32,24,134,57,58,48,185,51,73,90,71,92,subjek4
92,37,34,98,37,36,22,13,138,50,56,44,175,46,64,70,69,76,subjek4
91,37,33,98,35,34,26,16,136,53,56,43,172,46,63,68,68,74,subjek4
89,35,31,95,33,32,28,18,135,53,56,44,171,46,62,66,69,74,subjek4
93,39,39,98,37,39,32,18,134,55,57,43,165,47,64,74,71,84,subjek4
92,37,37,96,37,37,29,17,134,55,57,40,160,45,64,75,69,81,subjek4
90,34,34,93,35,33,1,3,106,65,66,42,162,46,73,67,79,74,subjek5
90,33,34,92,33,32,3,4,104,65,67,45,169,51,78,68,82,75,subjek5
89,30,32,92,31,32,8,6,110,63,66,42,168,47,73,67,77,72,subjek5
88,34,34,92,35,34,4,5,105,65,65,45,167,50,80,66,80,70,subjek5
90,31,32,94,31,32,6,10,109,64,67,43,178,48,76,72,79,74,subjek5
90,34,34,93,34,34,3,4,104,65,66,43,178,47,76,67,79,71,subjek5
91,33,34,95,33,33,5,4,102,66,67,46,175,52,77,72,84,79,subjek5
90,33,34,94,33,32,3,3,105,66,67,48,181,52,82,70,81,76,subjek5
89,33,33,94,33,32,4,6,103,67,68,46,179,51,80,72,82,76,subjek5
90,33,34,93,34,33,3,6,104,66,67,46,177,52,79,68,81,74,subjek5
89,33,33,93,34,32,6,8,103,66,66,47,175,53,78,70,82,76,subjek5
89,38,37,94,37,37,3,1,109,63,68,44,182,49,75,71,81,78,subjek5
88,38,37,92,37,37,4,2,106,64,68,44,180,49,74,69,80,77,subjek5
89,37,36,94,36,37,1,2,108,62,68,43,181,49,74,68,80,77,subjek5
89,36,35,93,36,36,2,1,108,64,68,43,183,48,76,70,82,79,subjek5
89,34,33,92,34,33,3,0,108,64,68,45,183,49,75,72,79,78,subjek5
92,33,32,94,31,33,36,34,110,71,66,49,185,53,78,77,77,79,subjek6
94,36,34,95,35,36,40,37,106,73,68,51,193,56,84,81,76,80,subjek6
93,15,15,94,15,15,38,39,108,74,68,52,194,56,82,81,82,82,subjek6
94,27,27,94,27,27,45,38,105,75,70,50,191,55,82,77,82,81,subjek6
92,31,30,93,30,29,47,37,107,73,69,49,190,54,82,77,80,80,subjek6
93,32,32,95,31,31,42,34,107,74,68,51,191,55,82,78,81,81,subjek6
93,34,34,95,33,34,39,35,108,73,68,48,184,52,79,70,79,75,subjek6
94,35,34,96,34,34,40,37,107,73,70,50,189,55,81,74,82,81,subjek6
98,33,30,97,32,29,43,37,101,72,66,51,195,56,84,77,82,80,subjek6
95,3,3,96,3,2,33,36,112,77,68,57,221,63,92,100,82,98,subjek6
81,19,19,79,18,20,37,38,94,64,57,52,194,55,80,85,72,80,subjek6
94,22,22,96,24,22,41,39,104,72,67,50,194,55,78,74,80,81,subjek6
95,29,29,95,30,29,41,39,105,71,67,50,192,55,79,74,80,80,subjek6
89,26,26,93,26,25,48,40,109,72,68,47,192,51,80,75,81,81,subjek6
96,36,36,96,35,36,44,37,105,74,69,46,194,51,82,76,84,83,subjek6
92,27,24,93,25,23,36,32,110,72,68,51,194,55,78,75,80,81,subjek6
95,34,33,98,34,33,39,16,139,61,60,41,148,45,68,47,76,60,subjek7
78,27,25,82,26,25,32,10,111,50,54,43,141,48,65,60,71,73,subjek7
81,22,20,85,21,19,28,11,113,51,53,43,153,47,63,58,71,70,subjek7
78,28,28,79,27,26,38,22,114,52,53,41,143,45,63,55,68,64,subjek7
78,28,28,80,29,28,35,24,111,53,53,41,143,45,64,58,69,66,subjek7
81,27,28,82,28,28,34,17,113,52,53,43,149,46,63,53,69,61,subjek7
79,27,28,81,27,28,34,19,110,52,55,41,154,47,69,67,74,78,subjek7
96,29,29,98,29,27,36,22,131,64,67,52,177,56,79,67,87,80,subjek7
95,33,33,95,33,30,42,27,133,63,62,46,161,50,78,58,77,63,subjek7
96,32,32,98,32,32,37,24,128,65,64,51,176,56,82,69,89,78,subjek7
96,31,30,97,30,29,40,26,127,66,65,53,182,56,77,65,81,71,subjek7
77,26,27,80,26,25,36,4,113,49,55,42,149,44,58,51,70,66,subjek7
78,27,27,81,26,27,36,8,114,50,53,43,149,45,59,51,68,64,subjek7
78,26,26,81,24,26,36,6,114,50,54,43,150,46,59,51,69,65,subjek7
78,27,27,81,26,27,34,8,112,50,54,40,148,43,59,52,71,67,subjek7
80,28,28,83,27,28,35,10,114,51,56,42,142,46,61,54,71,68,subjek7
80,32,31,83,30,30,0,30,114,51,51,43,155,45,61,66,65,65,subjek8
85,34,32,88,32,31,14,24,118,53,54,45,161,49,65,66,68,70,subjek8
108,45,44,106,41,43,10,25,146,69,65,53,196,56,81,68,79,70,subjek8
103,43,42,103,40,40,11,29,138,69,65,52,196,57,78,76,81,80,subjek8
82,32,30,85,30,31,12,30,112,55,51,46,157,49,63,64,67,67,subjek8
77,31,30,80,29,31,14,37,107,55,48,47,153,51,60,60,61,59,subjek8
93,33,32,92,31,31,4,49,116,67,58,51,175,55,77,71,74,63,subjek8
93,36,35,92,34,33,5,48,122,66,58,50,171,54,73,70,72,62,subjek8
91,37,35,91,34,35,5,52,128,63,56,49,166,54,71,73,75,66,subjek8
91,36,34,90,33,34,8,50,130,64,54,52,180,55,72,77,73,68,subjek8
92,34,31,93,32,31,7,42,133,62,52,48,177,53,73,75,69,67,subjek8
89,34,33,92,33,34,2,34,136,59,54,52,186,55,67,72,74,74,subjek8
88,35,34,92,34,34,4,33,137,58,57,51,183,54,67,72,74,72,subjek8
89,35,34,91,33,34,4,36,135,59,54,49,182,52,68,69,73,71,subjek8
89,37,35,91,35,35,1,37,136,57,53,47,183,50,70,73,73,73,subjek8
76,31,30,80,29,30,5,35,108,48,52,40,151,44,56,56,65,62,subjek8
76,22,23,79,23,23,66,14,104,59,63,43,148,47,63,59,70,77,subjek9
73,22,23,76,22,22,66,10,108,57,62,42,154,46,62,60,71,79,subjek9
72,21,23,75,22,21,66,10,104,58,66,42,151,47,65,62,72,81,subjek9
73,21,23,76,21,22,68,9,105,58,64,40,153,44,63,60,70,77,subjek9
73,21,21,78,20,19,80,8,102,58,64,43,151,47,63,58,68,74,subjek9
72,15,16,84,16,15,70,3,97,55,67,39,154,44,62,58,74,80,subjek9
74,17,19,83,18,18,78,7,97,55,71,42,151,46,60,57,77,89,subjek9
74,23,25,84,25,24,83,1,97,57,68,41,150,46,63,56,77,85,subjek9
72,20,21,79,19,19,76,3,96,56,70,41,143,46,70,57,79,93,subjek9
73,19,22,83,21,20,78,6,94,57,69,42,149,46,65,60,81,97,subjek9
69,23,24,74,23,23,88,12,96,58,67,43,157,45,68,63,75,92,subjek9
74,20,21,76,20,21,69,9,106,59,64,44,155,47,60,59,69,73,subjek9
73,22,23,75,22,22,66,10,106,58,65,43,156,45,61,60,68,72,subjek9
74,26,27,77,26,27,64,8,103,59,65,41,149,45,62,58,67,72,subjek9
74,26,26,77,25,24,66,7,102,59,66,42,148,46,64,59,72,77,subjek9
73,21,22,77,21,21,65,11,103,59,63,42,146,47,63,59,70,76,subjek9
92,25,26,90,24,24,24,60,89,78,76,47,188,53,91,78,88,72,subjek10
92,24,25,90,23,23,26,61,90,78,75,48,192,53,89,77,89,73,subjek10
92,24,25,90,23,23,27,62,93,77,75,49,189,54,88,76,85,69,subjek10
92,24,25,91,24,25,22,60,91,80,75,48,188,54,89,76,87,71,subjek10
92,24,26,91,24,24,24,58,88,77,74,46,183,52,85,72,83,68,subjek10
91,18,19,90,18,18,23,57,91,77,75,49,181,55,85,74,84,68,subjek10
91,25,25,91,25,24,24,59,91,77,75,47,186,53,86,72,83,67,subjek10
92,26,28,91,25,25,25,58,91,78,74,48,183,54,87,74,86,70,subjek10
89,24,25,89,24,24,27,56,93,77,73,47,184,53,84,74,86,71,subjek10
90,24,24,89,23,23,26,61,91,77,75,50,189,55,86,79,86,74,subjek10
91,24,27,91,24,25,29,59,89,77,75,49,190,55,87,78,86,72,subjek10
91,25,26,92,25,26,23,60,95,79,77,44,185,48,81,71,82,67,subjek10
91,28,29,91,28,28,25,60,96,78,77,48,183,54,86,80,91,74,subjek10
91,24,24,90,24,23,22,58,96,75,74,47,184,54,88,74,87,71,subjek10
90,25,25,91,26,24,21,61,93,78,74,46,181,53,85,74,87,70,subjek10
92,26,26,90,25,25,28,61,92,77,75,45,181,51,88,75,88,71,subjek10
77,28,29,79,28,29,38,37,103,53,61,43,142,47,67,58,70,64,subjek12
79,12,12,80,14,12,37,37,96,62,61,37,129,42,70,48,70,51,subjek12
79,21,23,79,22,22,31,15,100,57,60,43,151,49,72,58,72,68,subjek12
78,24,25,78,25,24,28,12,105,56,59,41,148,47,69,58,70,70,subjek12
98,33,33,96,34,33,41,25,121,70,70,44,169,50,77,62,80,73,subjek12
95,30,30,95,31,30,32,27,129,67,66,48,171,55,77,70,79,82,subjek12
78,27,27,78,26,27,34,21,105,53,58,41,140,47,70,62,72,71,subjek12
76,25,27,77,26,26,23,13,112,53,56,40,143,46,64,61,66,71,subjek12
78,27,28,79,27,27,30,27,108,53,58,41,144,48,65,62,68,70,subjek12
95,34,35,94,34,33,23,13,142,64,63,51,172,53,76,67,76,71,subjek12
93,33,35,96,34,34,45,13,130,61,71,45,163,50,80,65,83,83,subjek12
78,30,29,78,29,29,44,32,104,57,59,42,149,47,70,57,69,64,subjek12
78,30,29,78,29,29,42,31,105,56,58,42,147,48,70,56,68,65,subjek12
79,29,28,79,28,27,42,31,103,56,61,43,143,48,71,59,72,67,subjek12
78,30,29,78,29,28,40,33,102,56,60,43,142,47,70,57,71,66,subjek12
78,28,28,79,27,26,37,32,102,55,59,43,146,47,68,59,73,67,subjek12
73,19,18,79,18,19,28,26,98,55,58,42,146,45,60,52,71,64,subjek13
75,21,20,79,22,21,18,25,98,57,60,41,156,45,61,61,71,68,subjek13
73,23,22,78,23,23,23,25,100,55,59,39,144,42,57,55,66,62,subjek13
89,25,25,96,25,26,28,30,118,65,70,48,174,53,73,70,85,81,subjek13
74,23,23,80,23,22,23,24,97,56,61,40,151,45,62,62,73,72,subjek13
75,23,22,79,23,23,21,25,98,56,59,37,148,40,60,56,68,65,subjek13
72,21,22,76,22,23,20,29,95,60,63,40,139,44,64,59,75,66,subjek13
74,22,20,79,21,21,19,24,99,58,55,40,156,43,63,62,68,64,subjek13
92,26,26,95,27,26,21,26,119,68,68,49,186,52,73,73,81,79,subjek13
90,26,26,94,26,25,21,28,116,69,68,48,178,52,76,76,83,79,subjek13
90,20,21,98,21,21,26,21,118,65,70,48,185,50,76,76,87,87,subjek13
89,31,31,93,31,32,2,14,123,62,68,47,180,51,67,66,80,76,subjek13
89,28,25,95,27,28,3,13,121,60,65,49,175,53,65,59,77,71,subjek13
72,23,22,80,22,24,10,15,103,50,58,43,155,44,57,53,68,63,subjek13
73,23,22,80,22,22,8,16,101,52,58,40,149,42,57,53,68,61,subjek13
73,21,20,78,21,21,20,25,100,53,59,32,126,36,57,53,68,62,subjek13
93,33,32,86,33,32,9,33,120,66,57,39,171,44,81,81,66,75,subjek15
93,30,29,86,30,29,12,39,117,69,58,45,186,49,84,88,65,74,subjek15
94,33,33,86,33,32,4,31,119,68,58,34,158,38,80,71,65,59,subjek15
92,33,32,84,33,32,3,32,121,68,58,40,174,45,79,80,69,72,subjek15
94,31,30,86,31,31,9,34,120,69,59,41,182,46,80,87,67,78,subjek15
94,33,32,87,33,33,7,31,121,68,58,46,174,49,77,77,67,67,subjek15
95,34,33,88,34,34,8,33,118,68,59,42,171,47,77,76,69,71,subjek15
93,31,30,87,31,31,4,29,124,68,55,46,181,51,78,85,64,74,subjek15
95,35,34,88,35,35,11,34,119,70,60,46,177,50,81,83,65,69,subjek15
94,33,32,86,33,33,11,34,122,69,58,49,178,53,76,85,68,76,subjek15
93,33,32,86,33,34,8,31,119,69,58,49,177,55,77,84,66,73,subjek15
95,30,29,88,30,30,10,38,116,71,61,43,178,47,78,81,68,71,subjek15
93,32,31,87,31,31,15,36,118,69,60,41,180,46,81,85,67,73,subjek15
94,32,31,89,31,31,10,40,117,70,60,44,181,49,81,81,65,68,subjek15
92,32,30,86,32,30,13,35,118,70,61,44,183,49,82,86,65,76,subjek15
93,32,32,87,33,33,7,32,118,70,60,38,162,42,76,75,69,66,subjek15
82,28,26,86,27,26,42,24,147,55,54,52,161,57,59,73,67,84,subjek16
83,29,27,86,28,27,40,22,146,54,55,50,162,55,58,66,66,79,subjek16
82,29,27,86,28,26,37,21,147,54,53,49,160,54,57,72,67,87,subjek16
80,15,15,84,15,12,45,25,145,53,54,49,151,54,56,67,62,79,subjek16
84,27,28,88,27,27,41,23,149,53,55,51,162,55,58,72,72,90,subjek16
81,27,28,88,27,26,37,21,151,53,55,52,161,57,56,74,70,91,subjek16
82,25,26,86,25,24,38,19,150,52,55,50,165,55,60,75,72,92,subjek16
84,28,28,87,25,26,40,18,151,51,53,47,160,52,57,68,68,85,subjek16
84,28,28,87,27,26,35,17,151,52,53,42,142,47,52,62,64,78,subjek16
82,27,27,87,26,26,38,18,149,53,54,50,159,53,58,70,68,86,subjek16
83,27,27,87,25,25,38,20,149,53,55,47,162,50,57,68,70,83,subjek16
85,31,29,88,29,29,37,18,150,53,53,47,161,50,54,65,65,76,subjek16
86,30,28,89,28,29,38,17,153,50,52,49,162,53,53,64,64,75,subjek16
84,30,30,89,29,29,41,20,151,53,53,47,164,52,55,66,67,80,subjek16
86,31,30,88,30,29,36,17,152,52,52,47,165,51,57,68,66,79,subjek16
84,30,29,88,29,29,37,18,148,54,56,50,165,56,58,77,68,91,subjek16
77,22,20,80,21,20,52,28,106,48,52,46,161,47,65,63,68,73,subjek17
90,23,24,93,23,22,66,36,122,60,62,53,193,58,80,78,86,96,subjek17
94,27,26,97,26,25,57,35,120,60,61,58,197,62,87,87,82,103,subjek17
93,25,24,96,24,24,59,33,129,58,59,52,196,57,80,83,80,98,subjek17
77,22,22,79,20,20,51,19,107,49,50,46,165,49,65,68,69,85,subjek17
75,22,23,79,21,21,51,20,110,48,49,47,162,48,64,64,67,77,subjek17
89,24,24,92,23,22,61,27,131,56,61,56,197,61,77,79,83,102,subjek17
76,22,22,81,22,21,52,23,106,48,52,47,160,50,72,71,70,86,subjek17
89,23,24,92,22,22,62,25,131,55,63,59,202,62,81,79,87,100,subjek17
91,25,26,94,24,23,62,28,126,60,61,57,201,62,82,82,85,101,subjek17
77,21,19,81,20,19,56,26,106,48,51,50,164,53,68,66,68,79,subjek17
77,23,22,81,22,21,54,28,106,48,52,45,161,47,65,62,70,75,subjek17
77,21,21,81,21,21,55,27,106,48,51,44,160,46,66,64,68,72,subjek17
78,22,22,81,21,21,53,28,101,51,51,44,163,45,66,65,70,75,subjek17
76,21,20,79,19,19,51,28,108,48,51,45,160,47,67,61,67,71,subjek17
76,21,21,80,21,21,53,30,107,48,52,44,160,46,66,63,68,72,subjek17
79,17,18,82,16,17,10,14,109,53,58,44,154,48,57,65,64,68,subjek20
78,21,21,81,21,22,11,17,113,52,57,45,155,49,57,63,62,65,subjek20
79,21,22,82,22,22,9,16,114,54,56,44,155,47,58,65,61,66,subjek20
91,28,29,96,29,28,8,20,136,62,69,48,179,51,66,74,73,77,subjek20
94,29,30,97,30,30,8,17,136,62,68,50,184,54,68,77,74,80,subjek20
92,32,32,96,32,33,7,17,138,61,66,47,182,51,68,77,74,79,subjek20
93,28,28,95,28,28,7,17,134,62,68,49,184,53,69,77,74,80,subjek20
94,28,29,96,29,29,9,17,133,64,67,49,182,53,69,77,73,78,subjek20
93,26,26,95,26,26,10,21,134,67,67,48,179,51,69,75,71,75,subjek20
93,29,28,94,29,29,5,16,132,65,65,50,180,53,69,74,71,73,subjek20
95,29,30,95,30,30,5,15,135,64,65,47,179,51,69,77,72,76,subjek20
92,32,32,94,32,33,8,21,134,60,68,47,178,51,66,72,73,76,subjek20
94,34,33,96,33,33,7,19,135,62,67,51,180,54,69,69,71,71,subjek20
93,30,28,97,30,29,5,21,135,64,65,49,176,53,68,69,70,71,subjek20
95,28,27,96,28,26,8,19,137,65,66,51,175,54,68,64,68,65,subjek20
76,23,23,80,23,23,7,15,112,53,58,38,144,41,55,59,60,64,subjek20
83,23,24,90,26,27,30,9,136,50,57,38,150,41,58,58,72,74,subjek23
80,23,24,87,27,28,43,2,132,50,58,42,158,44,56,58,73,77,subjek23
83,25,26,92,28,28,15,5,130,53,59,41,155,44,58,62,76,79,subjek23
81,27,27,92,27,28,55,22,126,50,59,39,156,42,58,60,71,77,subjek23
80,24,24,86,27,28,34,7,133,50,60,41,157,43,57,63,75,82,subjek23
84,26,26,91,27,27,59,21,128,53,59,42,160,45,59,62,73,79,subjek23
84,27,27,91,27,27,58,25,129,51,60,41,153,44,57,56,70,76,subjek23
81,24,25,87,27,28,38,2,134,52,58,42,155,44,58,65,73,78,subjek23
78,24,25,86,28,27,43,3,131,54,57,43,150,47,61,57,73,72,subjek23
80,23,24,91,26,27,22,12,136,51,61,43,156,46,55,61,74,80,subjek23
80,25,25,88,27,28,42,14,130,51,60,43,154,46,57,60,76,81,subjek23
81,28,29,89,27,30,54,24,129,50,59,41,153,43,55,56,73,74,subjek23
83,28,30,90,28,30,58,29,130,50,58,41,153,43,56,56,72,72,subjek23
81,27,28,89,27,29,46,22,129,50,58,41,155,43,55,56,74,75,subjek23
83,29,30,90,29,30,54,27,129,49,58,41,153,43,57,56,71,72,subjek23
83,29,29,94,31,31,63,29,124,51,62,40,150,44,58,57,72,77,subjek23
89,26,25,86,27,26,37,47,125,75,61,58,187,61,78,79,68,76,subjek24
90,23,23,85,23,22,38,51,126,76,60,55,180,58,78,74,71,64,subjek24
93,27,27,89,28,26,33,49,126,74,60,60,184,61,75,68,72,67,subjek24
96,27,27,92,27,27,39,49,128,74,61,59,181,63,77,77,72,74,subjek24
92,24,25,88,24,24,41,54,124,77,61,54,179,57,79,76,72,68,subjek24
93,26,27,88,28,27,40,54,128,73,60,53,179,56,79,75,69,67,subjek24
92,28,28,89,29,29,36,51,123,79,61,53,176,56,78,74,70,65,subjek24
93,27,28,90,28,29,36,51,124,78,63,50,185,51,78,75,72,66,subjek24
92,28,29,90,28,29,37,49,127,75,61,55,183,58,81,83,75,74,subjek24
93,27,27,89,27,28,34,51,127,76,59,56,185,60,81,82,75,75,subjek24
91,24,24,88,25,25,34,47,128,74,59,57,185,60,79,79,73,71,subjek24
93,26,25,88,26,25,39,49,123,77,61,50,177,53,78,74,69,64,subjek24
94,27,26,89,28,26,36,47,124,75,60,56,173,58,81,74,70,64,subjek24
92,24,25,87,24,23,31,48,126,76,60,46,170,51,79,76,69,68,subjek24
92,27,26,89,26,25,29,49,127,77,60,57,183,61,84,83,73,74,subjek24
91,27,25,88,28,26,32,46,123,75,60,59,185,62,78,73,67,66,subjek24
93,36,34,98,36,36,45,20,114,69,74,57,195,61,81,77,89,95,subjek25
93,37,36,98,36,37,46,24,112,72,73,56,194,60,82,78,90,94,subjek25
92,33,32,96,34,34,42,24,115,71,74,55,196,60,79,77,88,91,subjek25
92,35,34,97,35,36,46,24,116,70,71,53,188,59,78,73,90,92,subjek25
94,37,36,100,38,37,46,23,114,69,74,57,194,61,82,77,91,96,subjek25
93,34,33,97,35,35,47,21,116,67,74,60,201,65,79,77,93,99,subjek25
91,34,33,97,34,35,46,14,117,70,73,58,203,61,84,76,92,97,subjek25
91,34,33,97,35,36,46,18,116,70,72,58,201,63,81,78,89,97,subjek25
92,33,33,97,34,35,47,17,118,70,74,58,194,62,83,74,87,91,subjek25
92,35,35,97,36,37,47,15,116,70,77,58,198,62,85,78,92,96,subjek25
93,35,34,97,36,38,49,18,119,70,76,58,200,62,82,80,87,95,subjek25
92,33,33,97,33,34,45,25,115,69,75,59,200,64,80,74,90,93,subjek25
91,32,31,96,33,32,47,26,115,69,74,59,198,64,79,73,90,93,subjek25
92,33,34,96,34,35,47,19,116,69,75,54,195,58,80,75,89,91,subjek25
93,32,32,97,33,34,47,24,115,70,75,57,199,62,80,76,91,95,subjek25
91,33,32,96,33,34,49,27,116,69,76,57,195,61,81,75,90,92,subjek25
97,35,34,99,34,33,17,41,116,75,75,39,172,45,74,64,83,70,subjek26
99,35,34,100,34,33,20,45,114,74,76,44,172,49,74,62,80,68,subjek26
79,28,29,83,27,28,22,40,100,60,64,40,154,43,63,55,73,62,subjek26
97,35,33,100,34,34,24,43,116,71,75,43,179,48,76,66,83,72,subjek26
96,37,35,98,35,35,20,43,117,74,76,49,181,54,77,67,85,74,subjek26
95,35,33,98,33,32,16,43,119,74,75,46,180,50,76,68,88,76,subjek26
99,35,33,101,33,33,22,40,117,72,76,44,178,48,75,66,80,70,subjek26
97,36,35,100,34,34,20,38,114,73,76,44,177,49,75,68,82,72,subjek26
95,36,34,97,35,34,20,41,119,73,74,43,179,48,74,65,85,75,subjek26
94,37,35,98,35,34,20,38,120,72,75,44,180,48,73,67,84,75,subjek26
95,38,36,96,36,34,21,44,122,72,73,45,184,50,77,69,86,77,subjek26
96,34,32,98,34,35,12,35,122,77,74,50,181,53,78,64,85,69,subjek26
77,28,27,79,26,27,20,37,100,61,63,38,149,42,67,55,69,56,subjek26
77,27,27,78,26,26,21,37,101,59,61,39,148,42,64,55,69,57,subjek26
78,27,27,80,26,26,26,39,101,60,63,40,149,43,64,54,69,56,subjek26
94,32,31,97,30,29,22,45,118,71,73,40,161,44,71,56,79,63,subjek26
95,33,31,93,33,31,21,10,132,55,51,50,178,54,76,74,74,80,subjek27
94,32,31,95,31,33,18,11,134,54,49,48,182,53,75,75,77,88,subjek27
95,34,34,94,33,34,22,9,134,56,49,47,166,50,74,77,68,80,subjek27
95,35,34,95,34,35,22,6,133,56,48,49,171,52,76,73,68,70,subjek27
96,36,36,97,35,35,22,9,132,56,50,49,175,52,77,81,72,86,subjek27
94,33,33,95,33,34,15,13,133,53,48,46,169,48,68,70,70,72,subjek27
94,35,34,95,34,35,22,8,133,53,48,45,162,50,71,68,71,76,subjek27
94,35,35,94,34,35,17,8,135,54,48,47,176,48,68,72,70,71,subjek27
98,36,34,98,34,36,18,7,134,55,48,47,178,49,72,73,71,73,subjek27
98,35,34,97,33,35,19,9,132,54,51,49,182,51,76,75,73,77,subjek27
99,34,33,97,32,34,18,8,133,56,51,52,188,54,77,79,72,78,subjek27
93,35,33,94,34,34,18,6,133,56,50,46,172,49,69,68,73,74,subjek27
94,34,32,94,33,33,19,8,132,55,50,46,172,48,71,69,70,72,subjek27
95,35,33,95,34,33,21,8,131,57,52,45,170,48,69,67,71,73,subjek27
93,34,32,94,33,33,20,6,132,56,49,47,169,50,69,68,69,70,subjek27
93,34,32,95,34,34,19,7,135,53,53,40,160,44,67,64,70,73,subjek27
80,23,21,80,21,23,31,9,113,54,56,41,143,44,52,51,59,60,subjek28
82,23,22,84,22,22,27,7,113,54,57,42,147,47,58,64,63,73,subjek28
80,22,21,82,20,22,30,13,118,53,55,43,150,45,53,54,62,64,subjek28
82,22,21,82,20,21,26,11,119,52,55,46,157,49,58,63,62,73,subjek28
80,22,21,82,21,22,29,10,120,51,56,43,149,45,51,54,63,67,subjek28
80,27,25,82,25,27,31,15,120,52,56,45,149,48,53,56,62,67,subjek28
82,27,24,84,24,26,29,15,119,53,55,42,147,46,56,63,62,72,subjek28
81,27,25,82,25,26,31,17,119,53,55,41,141,44,53,56,59,63,subjek28
78,28,27,82,27,26,30,13,119,52,54,40,147,40,55,56,62,63,subjek28
80,26,25,83,24,26,30,18,123,51,53,41,139,43,51,54,58,62,subjek28
79,27,25,82,26,26,28,15,120,53,54,40,142,41,53,57,60,64,subjek28
81,22,23,83,22,23,30,5,114,51,59,41,148,43,53,53,63,64,subjek28
80,22,22,83,22,23,29,7,115,52,58,42,151,43,54,55,64,65,subjek28
81,23,23,82,21,22,30,5,114,52,58,41,149,42,53,54,63,64,subjek28
79,22,22,81,21,22,28,10,114,54,57,41,148,43,55,53,62,62,subjek28
81,22,20,81,21,21,26,7,115,52,55,41,147,43,53,51,62,63,subjek28
80,22,24,83,24,25,46,18,122,49,59,42,158,44,56,63,70,81,subjek29
78,22,24,83,25,25,42,14,124,45,61,36,161,40,58,67,72,83,subjek29
76,24,25,81,26,25,39,13,123,45,60,37,157,40,56,67,69,82,subjek29
80,24,25,84,25,25,46,15,126,46,59,40,162,42,57,65,69,78,subjek29
78,23,24,83,24,25,46,15,126,47,57,40,157,43,55,68,68,83,subjek29
78,23,23,81,23,25,42,14,123,48,59,40,155,42,57,65,68,81,subjek29
76,24,24,80,24,24,41,13,125,45,59,36,153,40,56,61,68,77,subjek29
78,23,23,81,24,25,43,15,125,48,59,39,157,43,59,65,69,81,subjek29
78,23,23,81,23,24,44,16,121,49,59,40,148,43,58,64,65,79,subjek29
79,24,24,82,24,25,43,14,125,48,61,38,160,41,59,68,69,82,subjek29
80,24,25,83,25,26,44,13,123,48,61,44,166,46,56,68,70,84,subjek29
77,25,23,80,25,25,44,14,125,51,57,43,152,46,56,57,64,71,subjek29
78,25,24,82,25,25,45,13,125,51,57,44,152,47,57,57,63,69,subjek29
79,21,22,81,23,24,43,15,124,47,60,43,155,45,56,61,66,73,subjek29
81,24,25,85,25,26,46,16,119,48,60,43,147,46,55,57,67,73,subjek29
81,25,26,84,26,27,50,18,123,45,60,39,141,43,51,54,63,71,subjek29
93,29,29,95,30,30,21,25,126,60,67,52,186,56,72,70,81,80,subjek30
93,32,31,94,32,33,24,28,128,59,64,57,191,62,71,67,77,75,subjek30
92,31,32,93,32,33,24,28,127,59,65,57,190,62,69,66,79,77,subjek30
91,30,30,94,31,30,24,25,126,59,66,53,186,58,68,68,80,80,subjek30
92,30,29,95,30,31,27,25,128,60,68,54,191,59,70,68,78,80,subjek30
94,32,32,97,33,34,20,21,125,62,70,53,192,56,68,68,84,83,subjek30
91,30,32,94,31,32,22,21,128,57,68,53,190,56,74,75,82,83,subjek30
92,32,33,94,32,33,26,25,126,59,69,55,189,58,69,71,82,82,subjek30
94,33,34,95,32,34,22,24,125,60,68,52,185,55,70,70,84,82,subjek30
94,32,33,96,33,33,23,24,127,58,69,54,182,59,67,65,83,80,subjek30
91,31,32,94,32,34,20,23,128,58,67,59,185,62,67,64,81,77,subjek30
91,29,28,93,29,29,22,18,128,59,66,63,196,66,69,69,74,76,subjek30
92,28,26,94,28,28,22,21,127,59,66,61,194,64,69,68,75,76,subjek30
92,28,26,94,29,29,20,17,128,59,64,60,194,64,70,69,75,76,subjek30
93,30,28,93,28,29,23,23,129,59,65,61,195,65,70,68,75,77,subjek30
90,30,30,94,31,30,25,26,126,59,65,47,172,52,63,61,74,73,subjek30
83,23,24,91,23,24,41,3,107,52,69,45,175,50,65,72,76,88,subjek31
86,28,25,90,26,25,40,1,108,58,64,52,191,56,73,77,78,87,subjek31
86,24,21,89,24,22,37,1,108,59,64,52,193,56,73,78,76,88,subjek31
87,27,26,88,27,27,39,2,110,59,64,53,190,60,76,81,78,92,subjek31
88,29,27,88,28,27,38,1,108,61,60,51,191,55,76,81,73,87,subjek31
87,29,27,88,29,27,39,3,110,58,60,50,192,54,76,82,73,88,subjek31
88,28,27,88,28,27,37,6,112,57,66,56,197,62,76,84,80,96,subjek31
88,29,28,89,28,27,41,3,110,59,64,47,192,50,73,80,77,92,subjek31
87,29,28,88,28,28,39,4,111,58,65,54,189,58,70,75,74,84,subjek31
86,17,17,88,17,16,41,3,105,59,65,51,187,56,73,77,76,89,subjek31
89,27,24,88,26,25,38,6,109,59,61,56,190,60,74,78,75,90,subjek31
85,28,28,90,27,28,37,2,102,58,69,51,187,55,68,70,80,85,subjek31
85,28,29,89,28,28,38,4,102,57,68,51,184,54,67,66,79,83,subjek31
85,29,30,90,29,30,39,1,104,55,70,47,186,51,69,69,82,88,subjek31
86,30,31,89,29,29,35,4,103,58,69,52,189,54,69,71,80,85,subjek31
84,29,30,88,29,31,36,1,103,55,69,49,185,51,67,69,82,88,subjek31
94,32,31,95,31,31,15,17,129,60,55,57,179,59,72,75,68,72,subjek32
92,34,33,94,32,32,13,15,127,62,53,51,173,55,68,68,71,73,subjek32
92,35,33,93,33,32,17,15,125,60,55,53,169,57,72,70,72,73,subjek32
96,32,30,97,30,31,18,16,130,60,54,56,178,59,70,71,67,72,subjek32
96,33,32,96,31,33,15,15,129,61,53,54,175,57,69,69,67,71,subjek32
94,32,31,95,30,31,21,14,133,59,51,52,168,55,69,66,69,70,subjek32
96,34,32,95,31,33,17,17,130,60,53,54,176,57,72,68,66,68,subjek32
97,33,32,96,32,33,19,17,131,59,54,59,170,62,74,76,73,78,subjek32
94,32,30,96,30,31,15,14,130,60,55,56,180,60,70,72,68,75,subjek32
94,32,30,94,30,30,20,13,131,60,53,59,179,64,72,79,67,80,subjek32
94,32,32,95,30,31,20,16,133,60,56,57,187,62,76,85,73,84,subjek32
92,31,31,94,29,31,21,19,126,61,57,53,176,55,73,71,72,72,subjek32
89,19,18,89,17,17,21,18,127,62,56,52,177,56,73,70,72,74,subjek32
92,31,30,94,31,31,16,16,123,62,57,53,178,56,73,70,72,73,subjek32
92,33,31,94,32,31,20,19,126,60,55,54,176,58,72,69,71,71,subjek32
90,25,24,91,24,23,12,17,132,57,52,45,152,48,61,58,66,66,subjek32
90,29,30,86,29,29,13,31,111,71,58,42,156,46,71,72,65,67,subjek33
91,29,29,88,29,29,11,30,116,72,57,41,182,44,77,85,65,73,subjek33
90,29,30,85,28,29,9,32,112,72,58,49,183,52,77,84,63,73,subjek33
88,29,28,83,28,28,6,33,114,72,58,45,173,47,75,80,62,70,subjek33
89,31,30,85,30,29,9,32,113,73,57,48,174,52,76,83,60,70,subjek33
91,31,31,86,30,30,10,31,111,73,58,45,181,49,79,83,67,74,subjek33
91,31,31,86,30,30,11,31,112,74,57,49,184,52,78,84,62,73,subjek33
89,29,29,84,28,29,10,32,113,72,57,44,176,47,74,77,66,68,subjek33
89,32,31,84,30,30,9,32,112,72,60,42,167,47,76,81,65,73,subjek33
89,31,31,84,30,30,8,30,110,76,60,49,180,53,77,87,62,77,subjek33
89,30,29,86,29,28,3,25,115,72,58,48,180,53,79,82,65,75,subjek33
91,29,29,88,28,28,6,33,112,69,57,45,184,49,76,81,67,73,subjek33
90,30,29,87,29,29,8,34,112,69,58,46,185,50,77,82,66,72,subjek33
89,30,31,87,30,29,7,33,112,69,59,48,184,51,75,81,65,72,subjek33
91,31,30,88,30,30,3,31,110,69,58,47,182,52,75,82,66,75,subjek33
91,28,28,88,28,28,5,37,111,70,59,49,187,53,79,87,66,77,subjek33
84,26,27,82,25,26,36,10,73,68,64,42,162,47,76,72,71,76,subjek34
100,31,31,99,30,31,30,3,84,85,78,48,198,53,93,84,86,85,subjek34
100,29,31,98,29,31,40,8,90,79,76,47,187,51,85,75,82,79,subjek34
100,33,33,100,34,33,28,2,85,83,78,45,193,51,93,83,86,86,subjek34
82,24,23,78,24,24,32,9,75,70,65,43,166,49,78,70,74,79,subjek34
100,31,32,100,31,31,38,9,87,80,77,48,191,51,88,81,83,83,subjek34
82,25,25,80,26,25,33,12,75,67,64,39,156,42,72,67,69,73,subjek34
98,26,28,96,26,26,37,10,87,80,77,48,188,52,88,78,80,78,subjek34
83,26,26,80,27,26,34,13,75,68,62,42,161,46,78,72,69,75,subjek34
85,27,27,82,28,27,31,7,74,68,65,40,167,44,75,70,71,74,subjek34
100,30,32,98,30,32,37,7,93,77,75,50,201,54,90,85,85,87,subjek34
97,31,29,97,30,29,34,12,93,75,73,48,192,53,81,72,81,79,subjek34
97,31,30,97,31,29,33,10,92,76,74,49,194,53,80,73,82,81,subjek34
97,32,30,98,32,30,34,11,93,77,74,50,193,54,80,73,81,79,subjek34
98,31,29,98,31,29,31,8,91,77,76,49,194,53,79,72,84,83,subjek34
97,27,27,96,26,27,28,2,80,86,77,47,191,51,91,79,86,82,subjek34
80,27,26,79,25,25,1,18,119,57,50,51,180,55,70,85,60,77,subjek35
96,35,34,93,34,32,3,23,145,69,60,64,215,67,85,93,68,79,subjek35
79,28,27,79,26,27,2,17,119,56,51,53,177,56,67,80,59,73,subjek35
79,28,28,79,27,28,2,17,119,56,51,47,167,51,68,76,56,68,subjek35
99,39,38,97,37,37,1,21,141,73,61,58,201,62,86,80,67,63,subjek35
97,35,34,95,33,33,1,21,142,73,60,60,204,63,84,82,65,65,subjek35
95,37,34,98,36,34,6,21,144,68,62,54,203,58,83,81,70,71,subjek35
80,28,27,81,26,26,1,20,120,56,53,52,177,55,70,78,61,72,subjek35
79,28,26,79,27,27,1,17,119,56,50,50,169,53,66,73,56,66,subjek35
79,28,26,79,26,26,0,19,121,55,51,47,171,51,69,75,58,67,subjek35
79,28,27,79,25,27,4,21,121,56,50,47,166,51,66,74,57,67,subjek35
94,36,34,94,34,35,8,19,142,66,61,60,210,63,81,89,70,80,subjek35
94,37,35,94,34,34,2,19,140,68,61,59,207,62,80,80,70,75,subjek35
94,36,34,95,34,33,1,19,143,67,61,57,204,61,79,85,69,77,subjek35
75,31,28,75,28,28,3,15,119,58,49,49,173,53,69,78,57,72,subjek35
79,27,26,79,25,25,5,17,119,55,51,51,184,55,73,89,61,82,subjek35
96,30,30,98,30,30,41,21,120,68,64,58,203,61,79,81,82,86,subjek36
97,28,27,98,28,29,38,17,119,67,64,55,198,59,79,80,81,85,subjek36
95,29,29,98,29,30,37,18,120,65,63,50,184,55,75,77,79,85,subjek36
97,29,30,97,29,30,40,15,117,68,67,58,200,61,82,83,81,86,subjek36
96,28,28,97,28,29,43,17,119,67,68,60,196,64,81,80,81,90,subjek36
97,28,29,98,28,28,38,12,119,67,66,58,208,61,82,90,81,91,subjek36
96,29,30,97,30,30,42,14,120,65,65,49,184,53,75,79,76,84,subjek36
95,29,28,98,29,29,44,14,119,67,67,57,190,60,77,78,80,85,subjek36
95,30,29,97,28,30,44,17,116,68,67,55,204,58,81,82,82,85,subjek36
95,30,29,97,29,30,41,17,119,65,65,57,196,59,79,77,82,83,subjek36
96,27,26,96,27,27,45,15,118,67,67,66,211,70,81,81,85,91,subjek36
95,27,25,96,26,27,43,17,118,70,64,57,207,59,82,84,77,79,subjek36
95,30,29,95,29,30,41,17,118,69,63,57,205,59,83,85,74,75,subjek36
94,27,27,95,27,27,42,20,118,70,64,58,206,60,81,84,77,77,subjek36
79,25,25,80,25,25,33,13,98,58,57,47,161,50,65,64,69,72,subjek36
97,30,31,98,32,32,40,25,115,67,64,48,163,52,72,63,74,70,subjek36
78,26,27,78,26,27,33,34,102,55,53,38,147,42,63,58,67,64,subjek37
79,29,30,79,29,29,29,34,104,54,49,33,137,37,63,58,62,60,subjek37
79,29,29,78,29,29,32,34,104,55,53,36,146,40,64,58,67,61,subjek37
78,28,28,78,28,28,31,34,105,53,53,37,144,41,62,58,67,65,subjek37
78,25,26,77,24,25,28,34,104,57,52,38,143,42,64,58,65,59,subjek37
80,30,29,78,29,29,34,38,103,57,51,36,147,39,61,56,64,59,subjek37
79,30,29,78,28,29,29,35,106,57,50,37,147,39,60,58,64,61,subjek37
77,22,23,77,22,22,27,31,106,57,50,39,148,43,60,63,65,66,subjek37
80,28,28,79,27,27,27,30,105,57,51,39,150,42,61,60,66,65,subjek37
79,28,27,78,27,28,28,33,106,56,51,36,143,38,61,57,63,58,subjek37
76,17,17,75,18,17,32,38,100,59,51,40,145,44,66,66,66,66,subjek37
80,25,24,79,24,24,31,36,103,56,53,38,152,40,61,56,66,62,subjek37
93,30,29,94,29,29,38,40,130,68,63,49,183,51,72,68,77,72,subjek37
91,20,20,92,21,19,35,38,122,69,61,46,185,51,76,68,80,74,subjek37
78,25,25,79,24,24,33,34,105,56,51,37,147,39,62,57,65,60,subjek37
78,29,29,78,28,28,33,36,104,53,52,34,137,38,62,54,63,60,subjek37
77,20,21,80,21,21,48,21,105,60,58,46,163,49,59,63,70,76,subjek38
75,21,21,81,21,21,45,19,108,57,56,48,156,52,53,58,66,71,subjek38
78,20,20,83,21,22,46,20,108,58,59,52,156,55,54,62,67,76,subjek38
78,19,20,79,19,20,45,21,107,61,58,50,168,53,59,68,70,79,subjek38
79,21,21,82,22,21,43,21,109,60,55,49,165,52,58,61,67,70,subjek38
78,21,20,80,20,21,46,23,110,59,54,51,162,54,55,62,65,71,subjek38
79,21,21,81,20,21,42,24,110,60,53,50,161,53,59,67,63,73,subjek38
79,21,21,80,21,22,40,20,111,59,55,49,167,53,59,65,68,74,subjek38
79,22,22,81,21,22,43,24,111,59,54,50,166,53,58,63,67,72,subjek38
79,23,22,81,22,23,41,23,110,60,53,51,165,54,59,68,65,75,subjek38
77,19,18,81,20,19,41,22,111,59,53,52,163,56,55,64,66,75,subjek38
78,22,21,80,21,22,47,17,111,62,52,50,161,52,56,59,58,61,subjek38
77,25,23,79,24,23,46,16,111,62,53,51,164,53,57,58,60,63,subjek38
79,24,22,80,23,22,46,19,112,60,50,51,162,52,56,60,59,63,subjek38
75,18,17,77,18,17,47,19,111,60,50,49,154,51,54,58,60,64,subjek38
78,20,21,81,19,20,47,18,109,61,53,46,149,49,58,62,62,71,subjek38
85,19,19,83,18,18,30,45,113,65,58,52,171,56,76,67,69,61,subjek39
85,16,16,82,15,14,30,42,114,66,57,51,172,55,77,69,67,61,subjek39
86,21,21,83,20,20,30,45,115,64,57,49,167,54,74,67,67,59,subjek39
85,17,18,82,16,16,29,45,115,66,57,53,171,57,76,68,68,62,subjek39
85,15,14,83,15,14,30,40,116,63,56,51,170,55,73,68,66,63,subjek39
85,19,19,83,18,18,29,44,116,63,56,49,165,53,71,66,67,64,subjek39
104,27,27,104,27,25,40,52,142,76,70,60,203,64,88,73,80,69,subjek39
103,27,27,103,27,26,41,52,140,75,69,62,206,66,91,78,82,73,subjek39
85,16,17,83,16,15,34,45,116,65,58,53,176,57,78,72,70,65,subjek39
85,20,21,84,20,20,34,44,117,64,58,52,176,56,78,71,71,67,subjek39
84,21,22,82,21,20,38,48,117,66,58,52,174,54,78,71,71,64,subjek39
84,21,20,83,21,20,35,48,108,65,60,51,174,55,74,66,72,64,subjek39
82,19,18,82,18,18,32,45,108,64,60,51,176,55,73,66,72,65,subjek39
85,21,20,83,21,21,31,44,110,64,59,50,174,54,75,67,70,62,subjek39
86,22,21,85,20,19,31,44,113,64,62,51,175,55,74,66,71,63,subjek39
86,11,11,84,12,10,36,46,115,65,59,51,174,55,77,69,75,67,subjek39
85,27,27,86,26,26,32,40,106,64,55,43,145,45,63,57,68,59,subjek40
83,26,27,86,26,26,38,46,107,62,57,46,147,47,63,55,64,55,subjek40
83,26,27,85,26,24,38,50,106,65,57,45,155,45,64,58,69,59,subjek40
85,26,26,86,25,25,33,42,108,63,57,42,157,43,64,61,65,61,subjek40
83,26,26,83,25,25,35,42,106,64,57,46,153,46,65,58,64,56,subjek40
85,26,27,86,25,24,35,45,112,63,57,42,155,41,63,60,63,60,subjek40
83,26,26,84,25,25,35,43,107,63,55,47,145,48,61,55,66,55,subjek40
83,27,27,86,26,26,36,46,106,67,57,47,149,48,62,55,67,56,subjek40
85,27,27,86,26,25,32,41,111,64,53,42,153,42,65,60,60,57,subjek40
108,34,36,107,34,33,45,53,132,73,69,51,169,50,79,60,73,55,subjek40
108,34,36,105,34,31,39,46,127,75,69,50,175,51,78,66,75,62,subjek40
84,26,27,87,26,24,38,47,108,62,58,46,159,45,68,59,66,56,subjek40
83,25,26,86,26,25,38,45,104,63,60,45,159,47,65,56,69,61,subjek40
83,25,25,86,24,23,35,44,106,61,58,46,154,45,63,56,66,56,subjek40
83,28,29,85,26,26,34,40,107,62,57,43,153,43,64,57,66,57,subjek40
84,26,28,86,26,25,34,42,106,63,58,44,147,46,61,56,63,57,subjek40
85,22,22,84,21,21,36,34,100,63,62,53,186,59,78,74,75,78,subjek41
84,21,22,84,21,20,30,33,99,65,62,55,184,60,77,74,75,77,subjek41
82,22,23,83,22,21,30,38,98,64,60,52,187,57,82,80,78,82,subjek41
84,21,23,83,21,21,32,35,99,64,62,55,187,60,79,75,75,78,subjek41
84,21,22,83,21,20,33,37,98,65,62,48,181,53,77,68,74,71,subjek41
84,23,24,84,22,22,28,36,101,62,61,50,184,54,76,71,77,76,subjek41
84,22,23,83,21,20,30,34,98,66,63,55,202,60,86,84,76,83,subjek41
84,20,20,83,19,19,33,36,101,64,63,53,202,58,82,79,78,79,subjek41
85,20,21,84,20,19,29,35,100,66,63,56,206,60,83,80,78,78,subjek41
84,19,20,84,19,18,29,36,100,68,62,59,209,64,85,90,78,89,subjek41
82,20,21,81,20,19,28,37,101,66,62,59,208,64,83,88,77,85,subjek41
81,23,21,80,22,21,37,33,103,60,60,49,183,53,73,70,74,75,subjek41
81,23,22,80,23,22,41,32,101,64,58,50,185,54,74,69,75,76,subjek41
79,22,21,80,22,21,41,33,103,63,58,48,184,52,73,68,75,77,subjek41
80,22,20,81,22,20,38,31,101,62,60,49,186,53,75,69,75,76,subjek41
82,22,22,80,22,21,37,31,100,63,61,51,182,55,76,70,75,76,subjek41
82,25,25,86,26,24,29,17,122,52,55,45,155,52,63,80,66,89,subjek42
81,24,25,86,25,25,29,13,123,50,57,47,168,52,65,77,72,89,subjek42
83,27,27,86,26,26,34,21,122,54,53,44,175,50,69,80,71,86,subjek42
83,28,27,87,27,26,32,18,123,51,56,44,169,49,63,76,69,85,subjek42
83,28,27,88,28,26,29,18,125,53,55,45,173,50,68,81,69,87,subjek42
82,27,26,85,26,26,30,16,125,51,55,44,172,48,64,76,68,83,subjek42
82,27,26,86,26,26,28,16,122,50,55,41,166,45,63,74,71,83,subjek42
83,28,27,87,28,27,25,15,123,53,54,44,168,48,64,73,67,79,subjek42
83,26,24,87,25,25,26,15,124,52,54,48,176,52,67,77,69,85,subjek42
83,27,26,88,26,26,28,13,125,50,57,50,181,54,66,76,71,87,subjek42
82,27,26,87,26,26,25,18,126,51,54,46,174,49,66,72,66,77,subjek42
101,35,35,108,34,35,26,16,148,63,65,55,220,58,80,89,87,95,subjek42
102,34,34,108,33,33,26,13,152,62,63,58,218,61,78,86,84,92,subjek42
101,32,32,106,30,31,24,10,153,63,64,60,218,62,79,87,80,88,subjek42
103,32,33,108,31,32,21,11,152,62,64,57,216,60,77,87,83,91,subjek42
99,36,35,105,34,33,30,14,148,64,68,56,215,59,80,89,83,92,subjek42
74,26,25,76,26,26,21,0,131,43,44,45,147,48,54,64,60,74,subjek43
88,31,31,93,31,31,23,8,161,47,57,55,190,61,68,82,81,100,subjek43
91,29,28,92,29,27,23,15,160,50,55,58,195,63,68,81,76,96,subjek43
88,30,31,94,30,30,18,11,161,47,60,54,192,60,71,84,80,102,subjek43
89,31,31,94,30,31,17,10,161,46,56,53,187,58,69,79,77,94,subjek43
90,31,31,95,30,30,21,14,162,46,56,59,189,63,63,75,77,93,subjek43
73,25,25,78,26,26,19,22,131,37,52,44,158,50,57,70,68,90,subjek43
89,30,29,94,30,29,30,12,161,46,58,58,189,61,61,73,79,96,subjek43
86,31,31,94,31,32,20,14,166,44,56,60,192,65,64,79,78,97,subjek43
87,33,30,91,30,31,14,18,169,42,55,60,194,64,66,76,75,94,subjek43
93,31,32,96,31,31,16,15,168,48,54,60,191,65,64,78,77,94,subjek43
91,32,33,95,32,33,15,14,166,51,52,52,191,55,68,76,76,86,subjek43
91,31,31,95,31,31,16,13,166,50,55,54,189,57,66,76,76,88,subjek43
92,32,32,95,33,33,18,13,162,50,54,56,184,58,65,76,75,88,subjek43
87,31,31,93,33,31,20,11,161,45,60,53,185,57,67,79,77,94,subjek43
86,23,22,91,22,22,19,11,163,50,55,56,195,59,69,78,77,88,subjek43
83,25,26,83,25,25,40,29,108,62,56,50,179,52,71,76,66,73,subjek44
83,26,25,82,25,25,42,31,110,62,56,53,187,54,75,80,67,75,subjek44
83,25,25,83,24,25,39,30,111,60,58,56,192,57,75,79,69,75,subjek44
83,26,25,82,25,24,40,36,112,64,51,56,181,58,71,74,62,67,subjek44
83,25,25,81,24,24,38,30,110,61,56,51,185,53,74,78,67,73,subjek44
82,24,24,81,23,24,39,32,108,63,57,53,185,55,74,76,66,73,subjek44
83,23,23,82,22,22,41,35,108,62,57,55,192,58,78,82,68,77,subjek44
83,23,24,82,22,23,39,30,110,61,57,53,194,55,78,82,69,76,subjek44
85,25,24,84,23,23,43,30,109,62,56,54,199,55,80,86,70,80,subjek44
83,24,24,83,23,23,42,30,109,62,57,53,199,55,79,81,71,78,subjek44
83,27,25,82,25,24,39,33,107,65,55,56,197,58,80,86,68,81,subjek44
81,25,23,83,25,24,42,33,107,66,52,53,187,55,75,80,64,72,subjek44
83,26,24,83,24,24,43,31,107,66,52,53,184,55,74,78,62,69,subjek44
83,25,24,82,23,22,39,31,107,66,51,53,186,54,77,82,61,69,subjek44
84,24,24,84,24,24,42,32,108,64,56,52,191,53,75,81,69,77,subjek44
83,24,24,83,23,24,41,34,108,62,56,53,190,55,76,82,68,77,subjek44
79,25,24,80,25,25,43,45,132,56,56,51,175,54,66,68,71,73,subjek45
78,30,29,81,29,31,45,34,132,52,59,48,168,51,66,62,72,73,subjek45
79,18,18,80,17,17,45,34,134,51,61,48,172,50,63,69,70,80,subjek45
79,27,26,81,26,27,48,34,134,53,63,48,177,50,66,71,75,83,subjek45
80,27,27,82,27,27,48,33,135,52,60,47,173,49,63,68,74,80,subjek45
80,27,27,82,26,28,43,28,135,52,62,51,183,53,68,74,76,85,subjek45
79,28,27,82,27,28,47,34,134,52,61,47,179,48,66,66,74,76,subjek45
78,26,26,82,26,27,43,29,134,52,62,45,173,48,62,68,75,83,subjek45
77,18,19,81,17,18,42,31,134,53,65,52,184,55,67,72,76,84,subjek45
79,26,26,82,26,27,48,32,134,53,62,45,174,47,64,68,74,81,subjek45
79,27,26,83,26,27,51,33,137,52,63,50,181,51,64,69,76,82,subjek45
81,27,26,81,27,27,36,42,132,55,57,50,168,52,64,60,67,63,subjek45
80,27,25,81,26,26,37,44,133,54,57,50,167,52,64,60,68,63,subjek45
79,27,26,81,27,28,34,41,132,54,57,48,170,50,66,61,69,65,subjek45
78,18,17,79,17,17,29,40,127,55,58,46,164,50,65,63,71,71,subjek45
78,26,25,79,26,26,41,46,131,53,56,47,166,50,63,66,68,69,subjek45
75,26,25,80,25,25,23,24,119,60,65,50,190,52,70,70,78,78,subjek46
77,26,24,83,25,26,11,15,121,62,63,50,186,52,70,69,74,74,subjek46
81,26,25,84,25,25,16,13,125,61,60,56,201,57,73,79,77,85,subjek46
78,25,23,82,25,25,19,17,125,60,63,62,208,64,74,84,80,88,subjek46
76,21,18,81,20,20,10,14,123,62,62,71,233,74,83,102,83,103,subjek46
79,24,22,82,24,24,12,14,130,60,59,54,195,58,74,79,74,78,subjek46
78,22,21,81,22,23,15,12,127,60,60,57,203,60,75,83,77,87,subjek46
80,24,22,83,23,24,15,12,125,65,60,69,226,70,81,95,79,96,subjek46
79,25,23,84,24,25,15,13,123,63,60,66,227,68,83,94,81,95,subjek46
79,24,23,83,25,25,17,15,125,59,63,56,205,58,75,81,79,85,subjek46
79,24,23,83,24,25,21,15,125,62,63,63,217,65,79,86,80,88,subjek46
78,27,28,82,27,28,21,20,120,58,66,49,187,51,67,69,78,81,subjek46
79,26,25,83,25,25,21,19,118,60,64,51,191,53,68,72,78,80,subjek46
77,27,26,82,26,26,22,22,117,61,63,51,190,53,70,71,75,76,subjek46
77,27,26,80,26,27,23,21,119,60,64,50,190,52,71,71,77,77,subjek46
76,26,24,80,25,25,21,16,118,60,64,51,191,52,71,71,76,78,subjek46
80,28,29,83,27,27,16,30,94,68,69,45,185,49,77,78,80,79,subjek47
99,35,35,100,34,34,19,36,113,78,78,56,210,60,90,80,89,80,subjek47
98,37,36,100,36,36,21,32,119,73,74,44,158,47,77,51,80,60,subjek47
98,36,35,99,36,35,22,36,112,80,79,54,195,57,87,69,87,69,subjek47
81,29,29,82,29,29,16,30,93,66,69,48,179,53,79,80,86,81,subjek47
81,28,29,83,28,28,16,32,97,65,68,44,175,46,72,67,76,69,subjek47
79,29,30,80,28,28,14,29,97,66,67,41,153,46,73,60,80,67,subjek47
101,38,36,101,36,35,15,37,114,77,75,47,188,50,79,65,78,69,subjek47
99,34,33,101,33,32,14,34,116,76,75,53,187,57,88,64,88,65,subjek47
99,34,32,101,32,32,13,37,114,76,75,53,203,58,87,75,86,75,subjek47
80,32,32,82,31,32,15,30,95,65,67,47,178,51,81,82,87,81,subjek47
99,30,29,102,29,28,15,30,113,75,78,58,230,62,89,93,94,97,subjek47
99,38,36,100,35,35,16,27,111,79,79,55,225,61,90,90,91,93,subjek47
98,36,36,99,34,34,18,30,112,78,77,59,225,64,88,89,89,92,subjek47
99,38,39,100,37,37,20,29,109,79,80,54,219,59,90,87,93,91,subjek47
98,37,36,98,37,35,23,34,110,82,80,47,180,49,87,67,80,63,subjek47
85,30,29,85,29,29,10,11,134,55,52,43,165,47,61,67,65,74,subjek48
87,33,33,86,32,32,8,2,132,56,53,46,164,50,60,65,65,74,subjek48
88,34,32,88,33,33,10,10,132,55,51,42,158,45,60,62,62,68,subjek48
86,34,31,88,31,32,8,4,133,56,52,45,159,49,62,64,62,71,subjek48
86,33,31,86,30,31,9,6,135,54,51,44,164,49,61,66,64,73,subjek48
86,32,31,87,31,31,8,8,133,55,51,46,161,50,62,65,62,71,subjek48
84,31,29,84,29,30,0,3,136,58,49,44,167,48,62,69,65,73,subjek48
86,32,31,86,30,31,7,10,134,56,51,44,160,48,62,64,62,68,subjek48
87,32,31,87,31,31,2,6,133,55,49,42,159,45,61,65,61,69,subjek48
87,33,31,86,31,31,2,5,134,56,49,44,161,47,61,64,60,67,subjek48
88,33,31,86,31,31,2,7,134,56,49,45,160,50,59,65,61,72,subjek48
87,34,32,88,33,32,10,4,131,55,54,47,162,51,61,64,65,73,subjek48
87,33,31,88,33,32,9,6,131,55,54,45,159,50,60,64,65,73,subjek48
87,32,32,89,32,32,9,4,132,54,53,45,161,50,61,64,65,74,subjek48
86,33,31,88,33,33,8,6,133,54,52,47,161,51,58,62,66,74,subjek48
86,32,30,87,31,31,4,2,134,54,52,43,161,48,61,68,65,77,subjek48
80,22,23,82,23,24,35,24,112,53,53,34,142,36,53,54,64,65,subjek49
80,22,22,84,22,22,34,22,113,53,55,34,140,36,53,53,61,62,subjek49
80,24,25,82,25,26,35,25,114,52,55,36,138,37,54,52,59,59,subjek49
76,19,20,79,21,21,36,25,113,55,58,33,140,35,54,53,62,62,subjek49
81,24,25,83,25,26,35,24,112,53,55,35,138,37,54,55,61,63,subjek49
76,14,16,78,15,16,40,29,111,56,58,34,142,37,58,58,62,63,subjek49
79,24,24,81,25,25,37,25,111,53,55,33,139,34,53,53,60,60,subjek49
79,24,24,81,23,25,35,24,116,51,53,35,135,36,52,52,57,59,subjek49
77,24,25,78,25,26,33,21,113,54,55,33,139,36,56,57,62,65,subjek49
77,23,23,79,24,24,36,24,113,55,57,34,143,36,55,57,62,63,subjek49
79,25,25,83,25,26,33,22,115,51,54,35,142,36,53,54,61,62,subjek49
76,26,26,77,26,26,30,20,116,55,55,32,145,33,59,56,62,61,subjek49
78,27,26,79,27,27,33,25,115,52,53,36,144,37,56,55,60,59,subjek49
77,26,25,81,26,26,33,22,115,54,55,34,147,35,55,55,64,63,subjek49
92,30,31,95,30,30,37,28,140,63,65,42,173,44,70,70,72,73,subjek49
100,30,29,100,30,30,33,27,132,62,62,41,168,44,62,62,73,74,subjek49
75,28,25,80,27,26,25,38,105,56,62,44,167,46,60,61,70,71,subjek50
73,28,24,78,26,25,33,38,105,58,62,43,162,45,58,59,67,67,subjek50
75,30,27,80,30,28,30,37,104,55,63,42,160,45,57,60,69,73,subjek50
73,28,25,79,27,26,30,38,103,58,64,42,162,46,57,62,70,74,subjek50
73,26,24,80,25,25,28,41,107,56,62,42,162,46,57,61,70,73,subjek50
73,27,23,78,26,25,29,35,106,55,63,45,164,47,57,61,68,73,subjek50
70,13,11,76,12,11,23,35,102,55,63,45,170,49,62,65,70,73,subjek50
75,27,24,80,25,24,24,36,106,55,62,44,171,47,61,64,71,74,subjek50
75,28,26,81,28,27,24,38,107,55,62,43,167,47,61,63,68,71,subjek50
75,28,26,80,27,26,25,39,105,54,62,42,166,45,59,61,70,72,subjek50
73,28,26,78,27,26,27,40,106,55,61,41,164,45,60,60,70,71,subjek50
73,29,26,78,28,28,30,41,103,58,65,42,163,45,59,63,73,74,subjek50
74,27,26,79,26,27,25,35,103,56,64,41,154,42,55,57,67,69,subjek50
74,27,26,78,26,27,27,36,102,58,65,37,156,40,56,60,71,73,subjek50
74,25,24,79,25,25,24,35,103,57,65,40,163,43,57,62,74,77,subjek50
75,28,26,80,27,27,26,36,104,56,65,42,160,46,55,58,71,72,subjek50
86,18,19,86,19,19,29,5,129,55,58,41,156,46,62,75,65,85,subjek14
87,27,27,87,26,26,39,1,133,55,55,45,166,48,63,76,69,89,subjek14
88,29,28,86,29,28,35,2,134,54,58,43,162,48,59,73,66,84,subjek14
90,26,26,88,26,26,33,8,136,55,55,45,179,49,71,85,70,93,subjek14
88,29,30,88,28,29,25,4,137,53,55,44,180,49,67,88,71,97,subjek14
75,25,25,74,24,26,23,4,111,45,46,34,134,38,52,70,57,77,subjek14
90,26,25,89,26,27,28,3,137,53,54,47,185,52,68,93,71,99,subjek14
89,29,27,86,27,28,28,5,134,53,56,56,195,60,73,106,70,110,subjek14
88,13,13,89,14,13,23,2,138,52,54,51,193,56,70,91,73,97,subjek14
91,26,25,90,25,26,20,8,135,53,54,52,195,56,73,92,72,92,subjek14
87,30,30,85,29,30,20,5,135,53,51,43,171,47,66,88,65,90,subjek14
88,29,27,90,29,29,9,0,138,49,52,47,176,52,64,85,67,89,subjek14
89,30,28,87,29,29,8,0,138,50,50,51,183,55,67,86,65,87,subjek14
88,29,28,89,29,30,12,1,143,49,51,45,173,49,62,79,66,84,subjek14
89,31,30,89,30,31,8,3,142,50,51,47,175,50,62,78,66,82,subjek14
88,31,29,87,30,31,13,4,135,53,57,46,165,51,62,80,65,87,subjek14
76,25,26,77,26,25,47,8,122,54,52,42,159,46,65,64,67,76,subjek18
77,26,26,79,26,26,48,5,119,50,53,47,164,50,64,64,73,80,subjek18
75,16,18,77,16,17,42,5,120,48,51,45,166,50,63,63,75,85,subjek18
81,25,25,82,24,26,47,10,124,52,55,45,159,47,65,60,70,72,subjek18
78,26,27,81,26,27,43,1,121,49,55,45,167,50,65,66,76,86,subjek18
74,24,26,79,24,24,47,2,119,49,54,47,167,50,64,64,74,82,subjek18
75,17,19,79,19,19,42,1,122,49,51,47,165,50,63,67,73,80,subjek18
75,25,26,78,24,25,46,1,118,49,56,47,161,51,62,62,74,81,subjek18
75,25,27,81,25,26,44,1,120,47,54,50,163,54,62,60,73,80,subjek18
77,27,28,83,27,27,50,7,123,49,55,49,159,53,62,66,74,88,subjek18
77,27,28,81,26,27,45,3,121,49,55,47,162,51,64,66,73,85,subjek18
77,25,25,77,25,25,46,1,119,50,53,45,164,50,64,61,69,74,subjek18
78,25,25,79,25,25,43,2,120,50,52,48,166,51,62,62,70,75,subjek18
77,26,27,79,25,26,43,2,123,48,53,46,166,49,61,61,73,78,subjek18
78,26,27,81,26,26,44,4,123,49,53,47,165,50,61,62,71,77,subjek18
80,18,18,79,19,19,44,5,121,50,54,47,169,50,63,63,72,77,subjek18
82,33,31,83,31,30,2,12,114,61,54,50,170,54,69,73,60,66,subjek19
82,31,31,81,29,30,1,15,118,60,54,49,169,51,68,73,59,63,subjek19
82,29,29,81,28,29,2,17,118,60,53,54,170,56,67,71,57,63,subjek19
80,30,30,82,29,29,1,14,119,60,53,54,167,57,64,71,57,65,subjek19
81,32,31,79,30,31,5,9,117,60,53,52,168,56,67,72,57,65,subjek19
81,34,30,84,32,31,1,14,117,57,57,46,164,49,65,69,63,67,subjek19
81,34,31,84,32,31,4,10,116,57,57,51,173,53,65,72,66,71,subjek19
84,27,26,85,26,26,9,18,111,65,54,50,162,55,66,72,63,72,subjek19
83,30,30,83,30,29,6,12,114,63,54,50,179,54,74,79,66,72,subjek19
83,31,30,83,31,30,4,11,116,61,56,48,179,52,72,77,68,76,subjek19
84,30,30,83,29,30,11,15,118,59,56,50,167,54,66,70,63,67,subjek19
85,35,33,87,33,33,3,13,117,61,52,51,167,54,66,73,60,68,subjek19
83,31,30,83,29,30,2,13,116,62,54,51,171,54,68,71,60,65,subjek19
83,33,32,82,30,31,3,12,117,62,54,50,167,54,67,71,59,64,subjek19
81,31,31,80,30,30,1,14,116,62,55,50,166,54,67,72,59,66,subjek19
82,32,31,83,31,30,0,13,117,62,53,48,170,53,70,71,61,66,subjek19
82,26,26,80,26,24,24,52,107,72,61,46,173,47,71,65,67,62,subjek21
81,25,24,79,25,24,20,49,107,69,62,45,176,47,74,66,70,63,subjek21
82,25,26,79,25,24,23,46,105,72,64,45,181,46,77,70,72,66,subjek21
85,31,32,82,31,31,24,48,107,72,64,44,182,45,77,72,73,67,subjek21
84,22,24,80,23,21,24,50,100,73,66,49,176,53,85,72,82,70,subjek21
86,25,25,84,26,24,24,48,98,70,66,45,177,49,81,69,84,73,subjek21
86,24,25,83,25,23,26,52,100,69,65,52,193,57,84,71,80,70,subjek21
86,25,26,82,25,25,24,49,103,66,64,48,182,53,77,71,76,71,subjek21
87,25,26,82,25,24,23,49,104,69,65,48,182,53,82,71,81,69,subjek21
68,22,23,67,22,23,20,39,86,56,54,41,151,44,65,59,68,62,subjek21
68,18,20,67,18,18,22,44,85,56,54,39,150,42,66,57,65,56,subjek21
84,19,18,83,18,16,26,52,107,69,60,42,177,44,75,69,71,65,subjek21
83,25,24,80,25,24,21,52,105,71,61,43,176,45,74,68,72,64,subjek21
83,27,25,81,26,24,23,51,105,71,61,43,177,44,76,70,69,64,subjek21
82,26,25,80,25,22,22,49,106,70,61,44,177,46,73,68,72,65,subjek21
85,26,26,81,26,25,22,49,107,70,62,45,176,46,75,68,68,62,subjek21
79,26,24,74,24,26,15,14,136,62,45,54,178,57,73,77,58,68,subjek22
81,25,24,76,24,25,20,17,141,62,45,56,178,59,71,79,57,69,subjek22
79,29,28,76,28,29,12,13,137,62,46,45,172,50,74,84,58,71,subjek22
78,26,25,75,24,26,17,19,134,63,47,52,180,55,73,80,63,73,subjek22
103,35,33,94,33,33,21,18,158,72,54,54,184,57,78,69,62,59,subjek22
80,26,27,76,26,27,13,17,132,63,48,47,177,49,75,79,59,66,subjek22
79,27,27,75,27,28,19,21,134,63,48,55,180,59,74,84,63,77,subjek22
80,26,26,77,25,26,19,18,135,63,47,54,189,58,77,87,65,77,subjek22
81,29,30,77,29,30,18,20,136,63,47,55,192,59,77,85,65,77,subjek22
79,30,30,76,29,31,18,17,139,63,47,53,185,57,75,82,62,73,subjek22
80,27,26,76,26,27,16,15,135,63,48,56,187,60,75,92,65,86,subjek22
102,31,28,96,29,30,14,18,161,70,55,58,197,60,82,82,68,72,subjek22
84,23,21,78,22,22,14,12,137,59,43,52,171,55,71,72,56,61,subjek22
85,25,23,78,22,24,14,11,137,59,43,53,174,58,73,76,56,65,subjek22
103,26,25,96,26,26,11,10,162,73,53,61,204,64,88,90,65,77,subjek22
80,25,24,75,24,25,15,18,134,62,45,49,161,52,71,77,53,65,subjek22
71,24,25,75,24,24,15,13,126,41,48,45,152,49,55,71,64,78,subjek11
91,32,33,96,31,33,17,12,154,52,54,54,184,59,66,84,73,86,subjek11
89,31,33,95,32,33,18,16,155,52,56,57,185,62,68,81,72,85,subjek11
91,31,32,94,31,31,14,16,153,52,57,59,178,63,66,77,69,82,subjek11
88,29,30,91,28,29,23,22,153,54,56,55,179,60,66,79,70,82,subjek11
91,33,33,93,31,31,14,13,152,51,57,57,180,61,69,78,70,81,subjek11
88,26,27,90,24,25,18,16,154,51,57,55,178,62,66,78,70,82,subjek11
90,33,34,94,31,33,15,11,159,50,54,54,177,60,63,73,71,81,subjek11
73,27,26,78,27,27,13,10,130,42,45,42,150,47,57,70,61,74,subjek11
89,34,34,93,33,34,16,12,154,49,56,57,184,62,67,82,72,85,subjek11
88,29,28,91,28,29,15,12,158,52,53,56,179,61,64,74,70,78,subjek11
73,28,27,79,27,27,3,9,133,40,44,45,148,48,50,63,56,67,subjek11
73,25,24,77,24,24,2,9,131,40,45,42,150,46,52,65,59,72,subjek11
74,27,26,79,26,26,2,9,131,39,45,42,148,46,50,63,59,70,subjek11
91,38,37,92,37,35,12,19,155,47,51,52,170,58,65,70,68,76,subjek11
74,26,27,79,26,27,8,14,128,41,46,42,147,45,54,65,61,69,subjek11
